Account__,Description__,CompanyCode__,Allocable1__,Allocable2__,Allocable3__,Allocable4__,Allocable5__,Group__,Manager__,
1680,01030 Petty Cash,,,,,,,,
1845,01310 Related Party - A/R - Other,,,,,,,,
1632,01340 Related Party - AAG,,,,,,,,
1671,1 PST Expenses QC,,,,,,,,
4490,100-00-000 CAJA,,,,,,,,
4491,100-01-000 CAJA : CAJA,,,,,,,,
4492,100-01-001 CAJA : CAJA : CAJA CHICA,,,,,,,,
1,1000 Checking,,,,,,,,
1914,1001 Chase MXN Pesos - Mexican Operating Co.,,,,,,,,
1915,1002 Chase USD - Mexican Operating Co.,,,,,,,,
1916,1003 Banorte MXC Pesos Payroll - Mexican Operating Co.,,,,,,,,
1917,1004 Chase MXN Pesos - Mexican Services Co.,,,,,,,,
1918,1005 Banorte MXC Pesos Payroll - Mexican Services Co.,,,,,,,,
1929,1006 Cash ING - VISTRA,,,,,,,,
1935,1007 Cash IXS Intermediate Holdings,,,,,,,,
3372,101-01-001 CAJA Y BANCOS : CAJA,,,,,,,,
3373,101-01-002 CAJA Y BANCOS : CAJA CHICA COPORTATIVO,,,,,,,,
2770,102-00-000 BANCOS,,,,,,,,
2873,102-01-001 BANCOS : BANORTE/EFECTIVO,,,,,,,,
2874,102-01-002 BANCOS : CHASE DOLARES,,,,,,,,
2875,102-01-003 BANCOS : CHASE DOLARES COMPLEM,,,,,,,,
2876,102-01-004 BANCOS : JP MORGAN MN,,,,,,,,
4482,103-00-000 BANCOS.,,,,,,,,
4483,103-01-000 BANCOS. : BANCOS NACIONALES.,,,,,,,,
4484,103-01-001 BANCOS. : BANCOS NACIONALES. : BANORTE.,,,,,,,,
445,1030 Petty Cash - Other,,,,,,,,
1868,1031 Petty Cash-Retail,,,,,,,,
1947,1032 Ameraguard Rec,,,,,,,,
1949,1034 Ultimate Linings Rec,,,,,,,,
1866,1036 Cash - Wells Fargo Huntsville Store,,,,,,,,
1865,1037 Cash - LX Retail LLC,,,,,,,,
1843,1038 CASH - LXC USD,,,,,,,,
1322,1040 Operating Acct - CPC,,,,,,,,
1323,1041 CASH CIBC - LINE-X Canada Ltd,,,,,,,,
141,1042 LINE-X Franchising Checking Account,,,,,,,,
1307,1043 AAG Cash @ PNC,,,,,,,,
143,1044 Ad Fund Checking Account,,,,,,,,
1707,1045 CASH CIBC - Anchor Coatings,,,,,,,,
139,1046 Operating Account,,,,,,,,
140,1048 Depository Account,,,,,,,,
1283,1049 LINE-X of Huntsville Checking Account,,,,,,,,
2877,105-01-000 CLIENTES : CUENTAS POR COBRAR,,,,,,,,
2879,105-01-001 CLIENTES : CUENTAS POR COBRAR : ALASKA HITCH S.A. DE C.V.,,,,,,,,
2880,105-01-002 CLIENTES : CUENTAS POR COBRAR : ALEJANDRO PONT GUERRA,,,,,,,,
2881,105-01-003 CLIENTES : CUENTAS POR COBRAR : ALDO PEREZ DE LA VEGA SERNA,,,,,,,,
2882,105-01-004 CLIENTES : CUENTAS POR COBRAR : ALVARO GUEVARA RODRIGUEZ,,,,,,,,
2883,105-01-005 CLIENTES : CUENTAS POR COBRAR : CESAR ALMANZA BENITEZ,,,,,,,,
2884,105-01-006 CLIENTES : CUENTAS POR COBRAR : CONCEPCION VAZQUEZ GUZMAN,,,,,,,,
2885,105-01-007 CLIENTES : CUENTAS POR COBRAR : ECONO CLIMAS S.A. DE C.V,,,,,,,,
2886,105-01-008 CLIENTES : CUENTAS POR COBRAR : ESPECIALIDADES EN TURBOMAQUINARIA S.A. DE C.V.,,,,,,,,
2887,105-01-009 CLIENTES : CUENTAS POR COBRAR : ETM SERVICIOS INDUSTRIALES S.A. DE C.V.,,,,,,,,
2888,105-01-010 CLIENTES : CUENTAS POR COBRAR : FABRICACIONES INDUSTRIALES TUMEX S. A. DE C. V.,,,,,,,,
2889,105-01-011 CLIENTES : CUENTAS POR COBRAR : IMPERMEABILIZANTES Y AISLANTES FALCÓN S.A. DE C.V.,,,,,,,,
2890,105-01-012 CLIENTES : CUENTAS POR COBRAR : LAMINA Y PLACA COMERCIAL SA DE CV,,,,,,,,
2891,105-01-013 CLIENTES : CUENTAS POR COBRAR : LUIS ENRIQUE GOMEZ DAVILA,,,,,,,,
2892,105-01-014 CLIENTES : CUENTAS POR COBRAR : MEGA RECUBRIMIENTOS S.A. DE C.V.,,,,,,,,
2893,105-01-015 CLIENTES : CUENTAS POR COBRAR : PINTURA Y ENSAMBLES DE MEXICO SA DE CV,,,,,,,,
2894,105-01-016 CLIENTES : CUENTAS POR COBRAR : POINT BLANK SHOOTING RANGE SYSTEMS S.A.,,,,,,,,
2895,105-01-017 CLIENTES : CUENTAS POR COBRAR : POWER HIT S.A. DE C.V.,,,,,,,,
2896,105-01-018 CLIENTES : CUENTAS POR COBRAR : RODOLFO GALILEO VALADEZ,,,,,,,,
2897,105-01-019 CLIENTES : CUENTAS POR COBRAR : SAUL GRIJALVA JIMENEZ,,,,,,,,
2898,105-01-020 CLIENTES : CUENTAS POR COBRAR : SELLOQUIN SA DE CV,,,,,,,,
2899,105-01-021 CLIENTES : CUENTAS POR COBRAR : SUBSTRATE TECHNOLOGY SA DE CV,,,,,,,,
2900,105-01-022 CLIENTES : CUENTAS POR COBRAR : TRANSPORTADORA DE PROTECCION Y SEGURIDAD S.A. DE C.V.,,,,,,,,
2901,105-01-023 CLIENTES : CUENTAS POR COBRAR : TUBAC S.A. DE C.V.,,,,,,,,
2902,105-01-024 CLIENTES : CUENTAS POR COBRAR : ZINKPOWER MONTERREY S.A. DE C.V.,,,,,,,,
3676,105-01-025 CLIENTES : CUENTAS POR COBRAR : MARISOL ORTIZ SARMIENTO,,,,,,,,
3677,105-01-026 CLIENTES : CUENTAS POR COBRAR : ALTA PRESION SA,,,,,,,,
3678,105-01-027 CLIENTES : CUENTAS POR COBRAR : PEDRO GONZALEZ (HERMOSILLO),,,,,,,,
3679,105-01-028 CLIENTES : CUENTAS POR COBRAR : EPEL SA DE CV,,,,,,,,
3680,105-01-029 CLIENTES : CUENTAS POR COBRAR : FORZA SPL SA DE CV,,,,,,,,
3681,105-01-030 CLIENTES : CUENTAS POR COBRAR : ARTURO ZAVALA ARREDONDO,,,,,,,,
3682,105-01-031 CLIENTES : CUENTAS POR COBRAR : COMERCIALIZADORA LEVAI SA DE CV,,,,,,,,
3683,105-01-032 CLIENTES : CUENTAS POR COBRAR : LINEX CHILE,,,,,,,,
3684,105-01-033 CLIENTES : CUENTAS POR COBRAR : TRACTO REFACCIONES Y SERVICIOS DISEL DEL NORTE SA DE CV,,,,,,,,
4099,105-01-034 CLIENTES : CUENTAS POR COBRAR : ROGELIO DAVILA CHARLES,,,,,,,,
4100,105-01-035 CLIENTES : CUENTAS POR COBRAR : COMERCIALIZADORA Y SERVICIOS CAJ SA DE CV,,,,,,,,
4101,105-01-036 CLIENTES : CUENTAS POR COBRAR : TALLERES DAVILA SA DE CV,,,,,,,,
4102,105-01-037 CLIENTES : CUENTAS POR COBRAR : CARLOS LOZANO GUERRA,,,,,,,,
4103,105-01-038 CLIENTES : CUENTAS POR COBRAR : ISRAEL CAVAZOS CEJA,,,,,,,,
4104,105-01-039 CLIENTES : CUENTAS POR COBRAR : METAL COMPLEMENTS SA DE CV,,,,,,,,
4105,105-01-040 CLIENTES : CUENTAS POR COBRAR : JORGE EDGAR CADENA,,,,,,,,
4106,105-01-041 CLIENTES : CUENTAS POR COBRAR : CR CONSULTORIA AMBIENTAL PARA EL DESARROLLO Y SOSTENIBILIDA,,,,,,,,
4107,105-01-042 CLIENTES : CUENTAS POR COBRAR : PUBLIC HEALTH SUPPLY AND EQUIPMENT DE MEXICO SA DE CV,,,,,,,,
4108,105-01-043 CLIENTES : CUENTAS POR COBRAR : STAR JUICE SA DE CV,,,,,,,,
4109,105-01-044 CLIENTES : CUENTAS POR COBRAR : LYSSETTE JACKELINE GARCIA VALDEZ,,,,,,,,
4110,105-01-045 CLIENTES : CUENTAS POR COBRAR : FORZA SPL SA DE CV 2,,,,,,,,
4113,105-01-046 CLIENTES : CUENTAS POR COBRAR : GRUPO RESTAURANTERO SPIKE SA DE CV,,,,,,,,
4114,105-01-047 CLIENTES : CUENTAS POR COBRAR : VENTAS MOSTRADOR,,,,,,,,
4115,105-01-048 CLIENTES : CUENTAS POR COBRAR : GUSTAVO ALMAGUER GONZALEZ,,,,,,,,
4116,105-01-049 CLIENTES : CUENTAS POR COBRAR : Z AUTOMOTRIZ Y AUTOTRANSPORTES SA DE CV,,,,,,,,
4117,105-01-050 CLIENTES : CUENTAS POR COBRAR : JULIAN SALINAS VAZQUEZ,,,,,,,,
4120,105-01-051 CLIENTES : CUENTAS POR COBRAR : HERNAN RODRIGUEZ GARZA,,,,,,,,
4121,105-01-052 CLIENTES : CUENTAS POR COBRAR : FLUIDOS INDUSTRIALES MEXICANOS SA DE CV,,,,,,,,
4122,105-01-053 CLIENTES : CUENTAS POR COBRAR : CESAR GARZA PEÑA,,,,,,,,
4123,105-01-054 CLIENTES : CUENTAS POR COBRAR : EUNICE HAYDEE IBARRA VILLANUEVA,,,,,,,,
4124,105-01-055 CLIENTES : CUENTAS POR COBRAR : VALUE AUTOMOTRIZ SA DE CV,,,,,,,,
4125,105-01-056 CLIENTES : CUENTAS POR COBRAR : AUTOPOLIS BODY SHOP SA DE CV,,,,,,,,
4126,105-01-057 CLIENTES : CUENTAS POR COBRAR : ARROYOTEL SAS DE CV,,,,,,,,
4129,105-01-058 CLIENTES : CUENTAS POR COBRAR : AUTOTAL SA DE CV,,,,,,,,
4130,105-01-059 CLIENTES : CUENTAS POR COBRAR : RENTACOM TRONCAL SA DE CV,,,,,,,,
4131,105-01-060 CLIENTES : CUENTAS POR COBRAR : GUSTAVO QUIROGA GALVAN,,,,,,,,
4139,105-01-061 CLIENTES : CUENTAS POR COBRAR : ARTURO CASTRO LASTRA,,,,,,,,
4140,105-01-062 CLIENTES : CUENTAS POR COBRAR : CONSTRUCTORA SEIMO DE CENTROAMERICA SA,,,,,,,,
4146,105-01-063 CLIENTES : CUENTAS POR COBRAR : ICA FLUOR DANIEL S DE RL DE CV,,,,,,,,
4147,105-01-064 CLIENTES : CUENTAS POR COBRAR : RADIOGRAFIA MONTERREY SA DE CV,,,,,,,,
4148,105-01-065 CLIENTES : CUENTAS POR COBRAR : TRANSPORTES DIAZ HERMANOS SA DE CV,,,,,,,,
4149,105-01-066 CLIENTES : CUENTAS POR COBRAR : CONSULTORES EN TANQUES DE ALMACENAMIENTO DE HIDROCARBUROS S,,,,,,,,
4150,105-01-067 CLIENTES : CUENTAS POR COBRAR : OCA CONVERSIONES SA DE CV,,,,,,,,
4151,105-01-068 CLIENTES : CUENTAS POR COBRAR : CLUB DEPORTIVO DE CAZADORES MONTERREY SC,,,,,,,,
4154,105-01-069 CLIENTES : CUENTAS POR COBRAR : MG MANTENIMIENTO Y ABASTECIMIENTO INTEGRAL S DE RL DE CV,,,,,,,,
4155,105-01-070 CLIENTES : CUENTAS POR COBRAR : LUIS MARIO RODRIGUEZ MARTINEZ,,,,,,,,
4156,105-01-071 CLIENTES : CUENTAS POR COBRAR : RAMIRO RIVERA AGUIRRE,,,,,,,,
4157,105-01-072 CLIENTES : CUENTAS POR COBRAR : FERGUMEX SA DE CV,,,,,,,,
4158,105-01-073 CLIENTES : CUENTAS POR COBRAR : CARLOS CARDONA MIRELES,,,,,,,,
4159,105-01-074 CLIENTES : CUENTAS POR COBRAR : AUTOLINEAS CAVAZOS GARZA HERMANOS SA DE CV,,,,,,,,
4160,105-01-075 CLIENTES : CUENTAS POR COBRAR : DE TODO PARA EL CONTROL DE PLAGAS URBANAS SA DE CV,,,,,,,,
4161,105-01-076 CLIENTES : CUENTAS POR COBRAR : TYT LOGISTICA Y SERVICIOS SA DE CV,,,,,,,,
4162,105-01-077 CLIENTES : CUENTAS POR COBRAR : IMPERMEABILIZANTES Y CONSTRUCCIONES IMPERAM SA DE CV,,,,,,,,
4163,105-01-078 CLIENTES : CUENTAS POR COBRAR : ARMOR LIFE LAB SA DE CV,,,,,,,,
4164,105-01-079 CLIENTES : CUENTAS POR COBRAR : JORGE ESTEBAN MARTINEZ RODRIGUEZ,,,,,,,,
4165,105-01-080 CLIENTES : CUENTAS POR COBRAR : ULTIMATE LININGS LLC,,,,,,,,
4167,105-01-081 CLIENTES : CUENTAS POR COBRAR : DEPROX MEXICO SA DE CV,,,,,,,,
4189,105-01-082 CLIENTES : CUENTAS POR COBRAR : TRACTOSERVICIOS Y COLISIONES SA DE CV,,,,,,,,
4190,105-01-083 CLIENTES : CUENTAS POR COBRAR : ESTRUCTURAS PARA TODO PROYECTO SA DE CV,,,,,,,,
4191,105-01-084 CLIENTES : CUENTAS POR COBRAR : DISEÑOS INDUSTRIALES Y ADITAMENTOS S DE RL DE CV,,,,,,,,
4192,105-01-085 CLIENTES : CUENTAS POR COBRAR : PSI 24-7 SA DE CV,,,,,,,,
4193,105-01-086 CLIENTES : CUENTAS POR COBRAR : TRANSPORTADORA DE GRANOS SA DE CV,,,,,,,,
4194,105-01-087 CLIENTES : CUENTAS POR COBRAR : TOP METAL SOLUTIONS SA DE CV,,,,,,,,
4195,105-01-088 CLIENTES : CUENTAS POR COBRAR : FEDERICO SUASTEGUI FLORES,,,,,,,,
4196,105-01-089 CLIENTES : CUENTAS POR COBRAR : PROTECCIÓN INVISIBLE SA DE CV,,,,,,,,
4217,105-01-090 CLIENTES : CUENTAS POR COBRAR : AUTOKAM REGIOMONTANA SA DE CV,,,,,,,,
4218,105-01-091 CLIENTES : CUENTAS POR COBRAR : AGROINDUSTRIAS QUIMICAS Y BIOLOGICAS SA DE CV,,,,,,,,
4219,105-01-092 CLIENTES : CUENTAS POR COBRAR : RAUL DE JESUS SANCHEZ GALVAN,,,,,,,,
4220,105-01-093 CLIENTES : CUENTAS POR COBRAR : COMERCIAL IMPORTADORA HEBAND SA DE CV,,,,,,,,
4228,105-01-094 CLIENTES : CUENTAS POR COBRAR : INGENIERIA TECNICA EN ADHESIVOS SA DE CV,,,,,,,,
4229,105-01-095 CLIENTES : CUENTAS POR COBRAR : PROFESIONALISMO ECOLOGICO SA DE CV,,,,,,,,
4230,105-01-096 CLIENTES : CUENTAS POR COBRAR : CAR ONE VALLE SA DE CV,,,,,,,,
4231,105-01-097 CLIENTES : CUENTAS POR COBRAR : MANUEL TREVIÑO CANTU,,,,,,,,
4232,105-01-098 CLIENTES : CUENTAS POR COBRAR : CORPORATIVO BOYA SA DE CV,,,,,,,,
4233,105-01-099 CLIENTES : CUENTAS POR COBRAR : ALMA ROSA ROSALES ROJAS,,,,,,,,
4234,105-01-100 CLIENTES : CUENTAS POR COBRAR : ARTURO TADEO CARRERA MONTEMAYOR,,,,,,,,
4235,105-01-101 CLIENTES : CUENTAS POR COBRAR : HECTOR PEÑA SANTOS,,,,,,,,
4236,105-01-102 CLIENTES : CUENTAS POR COBRAR : CHAPA CONSTRUCCIONES SA DE CV,,,,,,,,
4237,105-01-103 CLIENTES : CUENTAS POR COBRAR : JAVIER CHAVEZ PANIAGUA,,,,,,,,
4238,105-01-104 CLIENTES : CUENTAS POR COBRAR : PERFILES SANTO DOMINGO SA DE CV,,,,,,,,
4239,105-01-105 CLIENTES : CUENTAS POR COBRAR : CENTIGON MEXICO SA DE CV,,,,,,,,
4240,105-01-106 CLIENTES : CUENTAS POR COBRAR : TRECASA SA DE CV,,,,,,,,
4241,105-01-107 CLIENTES : CUENTAS POR COBRAR : RODOLFO GERARDO VILLARREAL DE LA GARZA,,,,,,,,
4242,105-01-108 CLIENTES : CUENTAS POR COBRAR : DELTA T INGENIERIA Y PROYECTOS SA DE CV,,,,,,,,
4245,105-01-109 CLIENTES : CUENTAS POR COBRAR : SERVICIOS ESPECIALIZADOS ALANIS SA DE CV,,,,,,,,
4246,105-01-110 CLIENTES : CUENTAS POR COBRAR : SANIMACK SA DE CV,,,,,,,,
4247,105-01-111 CLIENTES : CUENTAS POR COBRAR : COCOPOC SA DE CV,,,,,,,,
4248,105-01-112 CLIENTES : CUENTAS POR COBRAR : CAR ONE MONTERREY SA DE CV,,,,,,,,
4249,105-01-113 CLIENTES : CUENTAS POR COBRAR : GRUPO INTERMAC S DE RL DE CV,,,,,,,,
4250,105-01-114 CLIENTES : CUENTAS POR COBRAR : PREPARACIONES AUTOMOTRIZ CAR CENTER SA DE CV,,,,,,,,
4259,105-01-115 CLIENTES : CUENTAS POR COBRAR : MARTIN GARCIA PEONES,,,,,,,,
4260,105-01-116 CLIENTES : CUENTAS POR COBRAR : ADRIANA LOPEZ LOZANO,,,,,,,,
4261,105-01-117 CLIENTES : CUENTAS POR COBRAR : CHEVROLET DEL RIO SA DE CV,,,,,,,,
4262,105-01-118 CLIENTES : CUENTAS POR COBRAR : GRUPO VHEG S DE RL DE CV,,,,,,,,
4266,105-01-119 CLIENTES : CUENTAS POR COBRAR : EDUARDO FRANCISCO CAVAZOS GARZA,,,,,,,,
4267,105-01-120 CLIENTES : CUENTAS POR COBRAR : ROBERTO MANUEL TELLEZ ALVARADO,,,,,,,,
4268,105-01-121 CLIENTES : CUENTAS POR COBRAR : CLINICA Y MATERNIDAD NUEVO NACIMIENTO SA DE CV,,,,,,,,
4269,105-01-122 CLIENTES : CUENTAS POR COBRAR : POSTER PUBLICIDAD SA DE CV,,,,,,,,
4272,105-01-123 CLIENTES : CUENTAS POR COBRAR : CENTRAL DE PARTES MONTERREY SA DE CV,,,,,,,,
4273,105-01-124 CLIENTES : CUENTAS POR COBRAR : PIÑONES Y ENGRANES SA DE CV,,,,,,,,
4274,105-01-125 CLIENTES : CUENTAS POR COBRAR : POLLOS K-LE SA DE CV,,,,,,,,
4275,105-01-126 CLIENTES : CUENTAS POR COBRAR : PRODUCTOS DEL CAMPO OCA SA DE CV,,,,,,,,
4277,105-01-127 CLIENTES : CUENTAS POR COBRAR : BRAVO MONTACARGAS SA DE CV,,,,,,,,
4278,105-01-128 CLIENTES : CUENTAS POR COBRAR : MIL MULTIMEDIA SA DE CV,,,,,,,,
4279,105-01-129 CLIENTES : CUENTAS POR COBRAR : MECÁNICA APLICADA DEL NORTE SA DE CV,,,,,,,,
4500,105-01-130 CLIENTES : CUENTAS POR COBRAR : MARIO GILDARDO NAVA BENAVIDES,,,,,,,,
4501,105-01-131 CLIENTES : CUENTAS POR COBRAR : JUAN SANTOS LOPEZ FLORES,,,,,,,,
4502,105-01-132 CLIENTES : CUENTAS POR COBRAR : TECNIBANDAS INDUSTRIALES SA DE CV,,,,,,,,
4503,105-01-133 CLIENTES : CUENTAS POR COBRAR : SOLIMZA SOLUCIONES CORPORATIVAS DE LIMPEZA SA DE CV,,,,,,,,
4504,105-01-134 CLIENTES : CUENTAS POR COBRAR : SEGURIDAD PRIVADA CIMARRON SA DE CV,,,,,,,,
4505,105-01-135 CLIENTES : CUENTAS POR COBRAR : ACN AUTOMATIZACION Y CONTROL DEL NORTE SA DE CV,,,,,,,,
4506,105-01-136 CLIENTES : CUENTAS POR COBRAR : JORGE ALBERTO LOZANO GARCIA,,,,,,,,
4512,105-01-137 CLIENTES : CUENTAS POR COBRAR : SANAYE PROYECIE SA DE CV,,,,,,,,
4513,105-01-138 CLIENTES : CUENTAS POR COBRAR : ORLANDO MAR VITE,,,,,,,,
4514,105-01-139 CLIENTES : CUENTAS POR COBRAR : ANUNCIOS PLASTICOS TERMOFORMADOS SA DE CV,,,,,,,,
4515,105-01-140 CLIENTES : CUENTAS POR COBRAR : C1 ALEMANA SA DE CV,,,,,,,,
4516,105-01-141 CLIENTES : CUENTAS POR COBRAR : HEDESA HERMOSILLO SA DE CV,,,,,,,,
4517,105-01-142 CLIENTES : CUENTAS POR COBRAR : CORPORACION ACW SA DE CV,,,,,,,,
4518,105-01-143 CLIENTES : CUENTAS POR COBRAR : RAUL FERNANDO PLATA MARTINEZ,,,,,,,,
4519,105-01-144 CLIENTES : CUENTAS POR COBRAR : GEMAK CNC SA DE CV,,,,,,,,
4520,105-01-145 CLIENTES : CUENTAS POR COBRAR : LILIANA GUADALUPE PEREZ LOZANO,,,,,,,,
4523,105-01-146 CLIENTES : CUENTAS POR COBRAR : MEKO POWER SA DE CV,,,,,,,,
4528,105-01-147 CLIENTES : CUENTAS POR COBRAR : ENDEREZADO Y PINTURA DEL NORTE SA DE CV,,,,,,,,
4529,105-01-148 CLIENTES : CUENTAS POR COBRAR : REFORESTACION EXTREMA AC,,,,,,,,
4530,105-01-149 CLIENTES : CUENTAS POR COBRAR : VIA LOGISTICA INTEGRAL SA DE CV,,,,,,,,
4531,105-01-150 CLIENTES : DIMAFRA S. DE R. L. DE C. V.,,,,,,,,
4532,105-01-151 CLIENTES : AUTO LINEAS SAN ANTONIO SA DE CV,,,,,,,,
4548,105-01-152 CLIENTES : CUENTAS POR COBRAR : COSMEDIX S DE RL DE CV,,,,,,,,
4550,105-01-153 CLIENTES : CUENTAS POR COBRAR : URBANIZACIONES Y CONSTRUCCIONES TREVIÑO SA DE CV,,,,,,,,
4565,105-01-154 CLIENTES : CUENTAS POR COBRAR : BANDAS TRANSPORTADORAS INDUSTRIALES SA DE CV,,,,,,,,
4566,105-01-155 CLIENTES : CUENTAS POR COBRAR : IMPULSORA DE INMUEBLES VILLARREAL SA DE CV,,,,,,,,
4567,105-01-156 CLIENTES : CUENTAS POR COBRAR : MINERVA OJEDA HINOJOSA,,,,,,,,
4568,105-01-157 CLIENTES : CUENTAS POR COBRAR : LUIS ALBERTO SEPULVEDA ORTIZ,,,,,,,,
4569,105-01-158 CLIENTES : CUENTAS POR COBRAR : TRELLEBORG WHEEL SYSTEMS MÉXICO SA DE CV,,,,,,,,
4571,105-01-159 CLIENTES : CUENTAS POR COBRAR : TRANS-MEX. INC. SA DE CV,,,,,,,,
4608,105-01-160 CLIENTES : CUENTAS POR COBRAR : LOGA ARQUITECTOS SA DE CV,,,,,,,,
4610,105-01-161 CLIENTES : CUENTAS POR COBRAR : ARQUITECTOS Y CONSULTORES RM SA DE CV,,,,,,,,
4613,105-01-162 CLIENTES : CUENTAS POR COBRAR : FERNANDO ROSAS ROSALES,,,,,,,,
4614,105-01-163 CLIENTES : CUENTAS POR COBRAR : MATHIEU JEAN PASCAL ROBERT,,,,,,,,
4615,105-01-164 CLIENTES : CUENTAS POR COBRAR : JORGE EDUARDO SOLIS FLORES,,,,,,,,
4617,105-01-165 CLIENTES : CUENTAS POR COBRAR : GRUAS Y MANIOBRAS INDUSTRIALES SANTA ROSA SA DE CV,,,,,,,,
4618,105-01-166 CLIENTES : CUENTAS POR COBRAR : DERIVADOS Y PRODUCTOS PARA LA INDUSTRIA SA DE CV,,,,,,,,
4619,105-01-167 CLIENTES : CUENTAS POR COBRAR : HOMERO MARTINEZ ILIZALITURRI,,,,,,,,
4621,105-01-168 CLIENTES : CUENTAS POR COBRAR : SOLO PLAGAS SA DE CV,,,,,,,,
4622,105-01-169 CLIENTES : CUENTAS POR COBRAR : PROINDULEK SA DE CV,,,,,,,,
4623,105-01-170 CLIENTES : CUENTAS POR COBRAR : MADERAS Y MATERIALES EL SABINO SA DE CV,,,,,,,,
4624,105-01-171 CLIENTES : CUENTAS POR COBRAR : CONSTRUCCIONES SICSA SA DE CV,,,,,,,,
4629,105-01-172 CLIENTES : CUENTAS POR COBRAR : INSPECCION Y SISTEMAS DE CALIDAD SA DE CV,,,,,,,,
4632,105-01-173 CLIENTES : CUENTAS POR COBRAR : CLIENTES TIENDA CORPORATIVA,,,,,,,,
4637,105-01-174 CLIENTES : CUENTAS POR COBRAR : PROTECTIVE MATERIALS TECHNOLOGY SA DE CV,,,,,,,,
4644,105-01-175 CLIENTES : CUENTAS POR COBRAR : MONTEA RECUBRIMIENTOS SA DE CV,,,,,,,,
4493,105-01-500 CLIENTES : CUENTAS POR COBRAR : LINEX OPERADORA,,,,,,,,
2878,105-02-000 CLIENTES : CUENTAS POR COBRAR USD,,,,,,,,
112,1050 Undeposited Funds,,,,,,,,
1635,1051 Undeposited Funds -HSV/LXR,,,,,,,,
3685,107-01-000 DEUDORES DIVERSOS : DEUDORES DIV,,,,,,,,
2903,107-01-001 DEUDORES DIVERSOS : DEUDORES DIV : RPL SERVICIOS,,,,,,,,
2921,107-01-002 DEUDORES DIVERSOS : DEUDORES DIV : OTROS DEUDORES,,,,,,,,
2904,107-01-003 DEUDORES DIVERSOS : DEUDORES DIV : AARON GOMEZ,,,,,,,,
2905,107-01-004 DEUDORES DIVERSOS : DEUDORES DIV : AGUSTIN JUAREZ,,,,,,,,
2906,107-01-005 DEUDORES DIVERSOS : DEUDORES DIV : AT&T COMUNICACIONES,,,,,,,,
2907,107-01-006 DEUDORES DIVERSOS : DEUDORES DIV : BANORTE,,,,,,,,
2908,107-01-007 DEUDORES DIVERSOS : DEUDORES DIV : CAJA CHICA,,,,,,,,
2909,107-01-008 DEUDORES DIVERSOS : DEUDORES DIV : CFE,,,,,,,,
2910,107-01-009 DEUDORES DIVERSOS : DEUDORES DIV : CHASE,,,,,,,,
2911,107-01-010 DEUDORES DIVERSOS : DEUDORES DIV : FERNANDO BAUTISTA,,,,,,,,
2912,107-01-011 DEUDORES DIVERSOS : DEUDORES DIV : JORGE HIPOLITO,,,,,,,,
2913,107-01-012 DEUDORES DIVERSOS : DEUDORES DIV : KALOS,,,,,,,,
2914,107-01-013 DEUDORES DIVERSOS : DEUDORES DIV : LEVISA,,,,,,,,
2915,107-01-014 DEUDORES DIVERSOS : DEUDORES DIV : OSCAR ALDAPE,,,,,,,,
2916,107-01-015 DEUDORES DIVERSOS : DEUDORES DIV : PRIMERO SEGUROS,,,,,,,,
2917,107-01-016 DEUDORES DIVERSOS : DEUDORES DIV : PRISCILLA DE LOS RIOS,,,,,,,,
3472,107-01-017 DEUDORES DIVERSOS : DEUDORES DIV : RPL SERVICIOS DEUDORES,,,,,,,,
2919,107-01-018 DEUDORES DIVERSOS : DEUDORES DIV : TECNOLOGISTICA ADUANAL,,,,,,,,
2920,107-01-019 DEUDORES DIVERSOS : DEUDORES DIV : TELCEL,,,,,,,,
3686,107-01-020 DEUDORES DIVERSOS : DEUDORES DIV : LINEX LLC,,,,,,,,
3687,107-01-021 DEUDORES DIVERSOS : DEUDORES DIV : LUIS LOZANO,,,,,,,,
4112,107-01-030 DEUDORES DIVERSOS : DEUDORES DIV : PUNTO CLAVE,,,,,,,,
4153,107-01-031 DEUDORES DIVERSOS : DEUDORES DIV : TOTAL PLAY,,,,,,,,
4494,107-01-500 DEUDORES DIVERSOS : DEUDORES DIV : BONIFACIO RIVERA.,,,,,,,,
4495,107-01-501 DEUDORES DIVERSOS : DEUDORES DIV : FRANCISCO HIPOLITO,,,,,,,,
4496,107-01-502 DEUDORES DIVERSOS : DEUDORES DIV : JOSE LUIS TIJERINA,,,,,,,,
4534,107-01-503 DEUDORES DIVERSOS : DEUDORES DIV : FER BAUTISTA,,,,,,,,
4652,107-01-504 DEUDORES DIVERSOS : DEUDORES DIV : SERGIO FLORES,,,,,,,,
4655,107-01-505 DEUDORES DIVERSOS : DEUDORES DIV : NOE REYES,,,,,,,,
2773,113-01-000 IVA ACREDITABLE,,,,,,,,
2922,113-01-001 IVA ACREDITABLE : IVA A FAVOR,,,,,,,,
2923,113-01-002 IVA ACREDITABLE : IVA ACREDITABLE NO PAGADO,,,,,,,,
2924,113-01-003 IVA ACREDITABLE : IVA ACREDITABLE PAGADO,,,,,,,,
4280,114-00-000 ANTICIPOS ISR,,,,,,,,
4536,114-01-000 ANTICIPOS ISR : PAGOS PROVISIONALES ISR,,,,,,,,
4537,114-01-001 ANTICIPOS ISR : PAGOS PROVISIONALES ISR : PAGOS PROVISIONALES ISR 1,,,,,,,,
2774,115-00-000 INVENTARIO,,,,,,,,
2925,115-00-001 INVENTARIO : INVENTARIO,,,,,,,,
4128,115-01-000 INVENTARIO : INVENTARIOS,,,,,,,,
3688,115-01-001 INVENTARIO : INVENTARIOS : GRACO100139,,,,,,,,
3689,115-01-002 INVENTARIO : INVENTARIOS : GRACO100846,,,,,,,,
3690,115-01-003 INVENTARIO : INVENTARIOS : GRACO102124,,,,,,,,
3691,115-01-004 INVENTARIO : INVENTARIOS : GRACO102207,,,,,,,,
3692,115-01-005 INVENTARIO : INVENTARIOS : GRACO102814,,,,,,,,
3693,115-01-006 INVENTARIO : INVENTARIOS : GRACO105445,,,,,,,,
3694,115-01-007 INVENTARIO : INVENTARIOS : GRACO107167,,,,,,,,
3695,115-01-008 INVENTARIO : INVENTARIOS : GRACO 109124,,,,,,,,
3696,115-01-009 INVENTARIO : INVENTARIOS : GRACO 109126,,,,,,,,
3697,115-01-010 INVENTARIO : INVENTARIOS : GRACO112309,,,,,,,,
3698,115-01-011 INVENTARIO : INVENTARIOS : GRACO113344,,,,,,,,
3699,115-01-012 INVENTARIO : INVENTARIOS : GRACO113779,,,,,,,,
3700,115-01-013 INVENTARIO : INVENTARIOS : GRACO114070,,,,,,,,
3701,115-01-014 INVENTARIO : INVENTARIOS : GRACO115484,,,,,,,,
3702,115-01-015 INVENTARIO : INVENTARIOS : GRACO116550,,,,,,,,
3703,115-01-016 INVENTARIO : INVENTARIOS : GRACO117484,,,,,,,,
3704,115-01-017 INVENTARIO : INVENTARIOS : GRACO117485,,,,,,,,
3705,115-01-018 INVENTARIO : INVENTARIOS : GRACO117490,,,,,,,,
3706,115-01-019 INVENTARIO : INVENTARIOS : GRACO117491,,,,,,,,
3707,115-01-020 INVENTARIO : INVENTARIOS : GRACO117634,,,,,,,,
3708,115-01-021 INVENTARIO : INVENTARIOS : GRACO117635,,,,,,,,
3709,115-01-022 INVENTARIO : INVENTARIOS : GRACO117773,,,,,,,,
3710,115-01-023 INVENTARIO : INVENTARIOS : GRACO118432,,,,,,,,
3711,115-01-024 INVENTARIO : INVENTARIOS : GRACO118433,,,,,,,,
3712,115-01-025 INVENTARIO : INVENTARIOS : GRACO118665,,,,,,,,
3713,115-01-026 INVENTARIO : INVENTARIOS : GRACO119626,,,,,,,,
3714,115-01-027 INVENTARIO : INVENTARIOS : GRACO123967,,,,,,,,
3715,115-01-028 INVENTARIO : INVENTARIOS : GRACO123969,,,,,,,,
3716,115-01-029 INVENTARIO : INVENTARIOS : GRACO157630,,,,,,,,
3717,115-01-030 INVENTARIO : INVENTARIOS : GRACO157785,,,,,,,,
3718,115-01-031 INVENTARIO : INVENTARIOS : GRACO158491,,,,,,,,
3719,115-01-032 INVENTARIO : INVENTARIOS : GRACO158674,,,,,,,,
3720,115-01-033 INVENTARIO : INVENTARIOS : GRACO159846,,,,,,,,
3721,115-01-034 INVENTARIO : INVENTARIOS : GRACO15B137,,,,,,,,
3722,115-01-035 INVENTARIO : INVENTARIOS : GRACO15B202,,,,,,,,
3723,115-01-036 INVENTARIO : INVENTARIOS : GARCO15B203,,,,,,,,
3724,115-01-037 INVENTARIO : INVENTARIOS : GRACO15B204,,,,,,,,
3725,115-01-038 INVENTARIO : INVENTARIOS : GRACO15B205,,,,,,,,
3726,115-01-039 INVENTARIO : INVENTARIOS : GRACO15B206,,,,,,,,
3727,115-01-040 INVENTARIO : INVENTARIOS : GRACO15B210,,,,,,,,
3728,115-01-041 INVENTARIO : INVENTARIOS : GRACO15B211,,,,,,,,
3729,115-01-042 INVENTARIO : INVENTARIOS : GRACO15B215,,,,,,,,
3730,115-01-043 INVENTARIO : INVENTARIOS : GRACO15B221,,,,,,,,
3731,115-01-044 INVENTARIO : INVENTARIOS : GRACO15B689,,,,,,,,
3732,115-01-045 INVENTARIO : INVENTARIOS : GRACO15B801,,,,,,,,
3733,115-01-046 INVENTARIO : INVENTARIOS : GRACO15C371,,,,,,,,
3734,115-01-047 INVENTARIO : INVENTARIOS : GRACO15C375,,,,,,,,
3735,115-01-048 INVENTARIO : INVENTARIOS : GRACO15C376,,,,,,,,
3736,115-01-049 INVENTARIO : INVENTARIOS : GRACO15C377,,,,,,,,
3737,115-01-050 INVENTARIO : INVENTARIOS : GRACO15C381,,,,,,,,
3738,115-01-051 INVENTARIO : INVENTARIOS : GRACO15C480,,,,,,,,
3739,115-01-052 INVENTARIO : INVENTARIOS : GRACO15C851,,,,,,,,
3740,115-01-053 INVENTARIO : INVENTARIOS : GRACO15C866,,,,,,,,
3741,115-01-054 INVENTARIO : INVENTARIOS : GRACO15C886,,,,,,,,
3742,115-01-055 INVENTARIO : INVENTARIOS : GRACO15D234,,,,,,,,
3743,115-01-056 INVENTARIO : INVENTARIOS : GRACO15D546,,,,,,,,
3744,115-01-057 INVENTARIO : INVENTARIOS : GRACO15D909,,,,,,,,
3745,115-01-058 INVENTARIO : INVENTARIOS : GRACO15H199,,,,,,,,
3746,115-01-059 INVENTARIO : INVENTARIOS : GRACO15H185,,,,,,,,
3747,115-01-060 INVENTARIO : INVENTARIOS : GRACO15H200,,,,,,,,
3748,115-01-061 INVENTARIO : INVENTARIOS : GRACO15J553,,,,,,,,
3749,115-01-062 INVENTARIO : INVENTARIOS : GRACO15J570,,,,,,,,
3750,115-01-063 INVENTARIO : INVENTARIOS : GRACO162449,,,,,,,,
3751,115-01-064 INVENTARIO : INVENTARIOS : GRACO16H294,,,,,,,,
3752,115-01-065 INVENTARIO : INVENTARIOS : GRACO16H942,,,,,,,,
3753,115-01-066 INVENTARIO : INVENTARIOS : GRACO15R646,,,,,,,,
3754,115-01-067 INVENTARIO : INVENTARIOS : GRACO 15R650,,,,,,,,
3755,115-01-068 INVENTARIO : INVENTARIOS : GRACO16U530,,,,,,,,
3756,115-01-069 INVENTARIO : INVENTARIOS : GRACO16V879,,,,,,,,
3757,115-01-070 INVENTARIO : INVENTARIOS : GRACO17D791,,,,,,,,
3758,115-01-071 INVENTARIO : INVENTARIOS : GRACO180199,,,,,,,,
3759,115-01-072 INVENTARIO : INVENTARIOS : GRACO191892,,,,,,,,
3760,115-01-073 INVENTARIO : INVENTARIOS : GRACO192272,,,,,,,,
3761,115-01-074 INVENTARIO : INVENTARIOS : GRACO206995,,,,,,,,
3762,115-01-075 INVENTARIO : INVENTARIOS : GRACO217382,,,,,,,,
3763,115-01-076 INVENTARIO : INVENTARIOS : GRACO224807,,,,,,,,
3764,115-01-077 INVENTARIO : INVENTARIOS : GRACO234037,,,,,,,,
3765,115-01-078 INVENTARIO : INVENTARIOS : GRACO234188,,,,,,,,
3766,115-01-079 INVENTARIO : INVENTARIOS : GRACO234983,,,,,,,,
3767,115-01-080 INVENTARIO : INVENTARIOS : GRACO236596,,,,,,,,
3768,115-01-081 INVENTARIO : INVENTARIOS : GRACO239914,,,,,,,,
3769,115-01-082 INVENTARIO : INVENTARIOS : GRACO243190,,,,,,,,
3770,115-01-083 INVENTARIO : INVENTARIOS : GRACO245979,,,,,,,,
3771,115-01-084 INVENTARIO : INVENTARIOS : GRACO246012,,,,,,,,
3772,115-01-085 INVENTARIO : INVENTARIOS : GRACO246055,,,,,,,,
3773,115-01-086 INVENTARIO : INVENTARIOS : GRACO246100,,,,,,,,
3774,115-01-087 INVENTARIO : INVENTARIOS : GRACO246101,,,,,,,,
3775,115-01-088 INVENTARIO : INVENTARIOS : GRACO246348,,,,,,,,
3776,115-01-089 INVENTARIO : INVENTARIOS : GRACO246349,,,,,,,,
3777,115-01-090 INVENTARIO : INVENTARIOS : GRACO246350,,,,,,,,
3778,115-01-091 INVENTARIO : INVENTARIOS : GRACO246352,,,,,,,,
3779,115-01-092 INVENTARIO : INVENTARIOS : GRACO246354,,,,,,,,
3780,115-01-093 INVENTARIO : INVENTARIOS : GRACO246355,,,,,,,,
3781,115-01-094 INVENTARIO : INVENTARIOS : GRACO246356,,,,,,,,
3782,115-01-095 INVENTARIO : INVENTARIOS : GRACO246358,,,,,,,,
3783,115-01-096 INVENTARIO : INVENTARIOS : GRACO246359,,,,,,,,
3784,115-01-097 INVENTARIO : INVENTARIOS : GRACO246360,,,,,,,,
3785,115-01-098 INVENTARIO : INVENTARIOS : GRACO246420,,,,,,,,
3786,115-01-099 INVENTARIO : INVENTARIOS : GRACO246421,,,,,,,,
3787,115-01-100 INVENTARIO : INVENTARIOS : GRACO246477,,,,,,,,
3788,115-01-101 INVENTARIO : INVENTARIOS : GRACO246483,,,,,,,,
3789,115-01-102 INVENTARIO : INVENTARIOS : GRACO246491,,,,,,,,
3790,115-01-103 INVENTARIO : INVENTARIOS : GRACO246624,,,,,,,,
3791,115-01-104 INVENTARIO : INVENTARIOS : GRACO246627,,,,,,,,
3792,115-01-105 INVENTARIO : INVENTARIOS : GRACO246628,,,,,,,,
3793,115-01-106 INVENTARIO : INVENTARIOS : GRACO246629,,,,,,,,
3794,115-01-107 INVENTARIO : INVENTARIOS : GRACO246630,,,,,,,,
3795,115-01-108 INVENTARIO : INVENTARIOS : GRACO246679,,,,,,,,
3796,115-01-109 INVENTARIO : INVENTARIOS : GRACO246731,,,,,,,,
3797,115-01-110 INVENTARIO : INVENTARIOS : GRACO246875,,,,,,,,
3798,115-01-111 INVENTARIO : INVENTARIOS : GRACO246962,,,,,,,,
3799,115-01-112 INVENTARIO : INVENTARIOS : GRACO246963,,,,,,,,
3800,115-01-113 INVENTARIO : INVENTARIOS : GRACO246978,,,,,,,,
3801,115-01-114 INVENTARIO : INVENTARIOS : GRACO247113,,,,,,,,
3802,115-01-115 INVENTARIO : INVENTARIOS : GRACO247503,,,,,,,,
3803,115-01-116 INVENTARIO : INVENTARIOS : GRACO247616,,,,,,,,
3804,115-01-117 INVENTARIO : INVENTARIOS : GRACO247779,,,,,,,,
3805,115-01-118 INVENTARIO : INVENTARIOS : GRACO247827,,,,,,,,
3806,115-01-119 INVENTARIO : INVENTARIOS : GRACO247835,,,,,,,,
3807,115-01-120 INVENTARIO : INVENTARIOS : GRACO247837,,,,,,,,
3808,115-01-121 INVENTARIO : INVENTARIOS : GRACO247839,,,,,,,,
3809,115-01-122 INVENTARIO : INVENTARIOS : GRACO247883,,,,,,,,
3810,115-01-123 INVENTARIO : INVENTARIOS : GRACO247955,,,,,,,,
3811,115-01-124 INVENTARIO : INVENTARIOS : GRACO247958,,,,,,,,
3812,115-01-125 INVENTARIO : INVENTARIOS : GRACO248001,,,,,,,,
3813,115-01-126 INVENTARIO : INVENTARIOS : GRACO248003,,,,,,,,
3814,115-01-127 INVENTARIO : INVENTARIOS : GRACO248004,,,,,,,,
3815,115-01-128 INVENTARIO : INVENTARIOS : GRACO248028,,,,,,,,
3816,115-01-129 INVENTARIO : INVENTARIOS : GRACO248064,,,,,,,,
3817,115-01-130 INVENTARIO : INVENTARIOS : GRACO248128,,,,,,,,
3818,115-01-131 INVENTARIO : INVENTARIOS : GRACO248129,,,,,,,,
3819,115-01-132 INVENTARIO : INVENTARIOS : GRACO248130,,,,,,,,
3820,115-01-133 INVENTARIO : INVENTARIOS : GRACO248131,,,,,,,,
3821,115-01-134 INVENTARIO : INVENTARIOS : GRACO248132,,,,,,,,
3822,115-01-135 INVENTARIO : INVENTARIOS : GRACO248133,,,,,,,,
3823,115-01-136 INVENTARIO : INVENTARIOS : GRACO248134,,,,,,,,
3824,115-01-137 INVENTARIO : INVENTARIOS : GRACO248280,,,,,,,,
3825,115-01-138 INVENTARIO : INVENTARIOS : GRACO248618,,,,,,,,
3826,115-01-139 INVENTARIO : INVENTARIOS : GRACO249499,,,,,,,,
3827,115-01-140 INVENTARIO : INVENTARIOS : GRACO249810,,,,,,,,
3828,115-01-141 INVENTARIO : INVENTARIOS : GRACO249855,,,,,,,,
3829,115-01-142 INVENTARIO : INVENTARIOS : GRACO24C728,,,,,,,,
3830,115-01-143 INVENTARIO : INVENTARIOS : GRACO24C729,,,,,,,,
3831,115-01-144 INVENTARIO : INVENTARIOS : GRACO24G621,,,,,,,,
3832,115-01-145 INVENTARIO : INVENTARIOS : GRACO24J423,,,,,,,,
3833,115-01-146 INVENTARIO : INVENTARIOS : GRACO24J523,,,,,,,,
3834,115-01-147 INVENTARIO : INVENTARIOS : GRACO24J528,,,,,,,,
3835,115-01-148 INVENTARIO : INVENTARIOS : GRACO24J529,,,,,,,,
3836,115-01-149 INVENTARIO : INVENTARIOS : GRACO24J532,,,,,,,,
3837,115-01-150 INVENTARIO : INVENTARIOS : GRACO24J533,,,,,,,,
3838,115-01-151 INVENTARIO : INVENTARIOS : GRACO24J534,,,,,,,,
3839,115-01-152 INVENTARIO : INVENTARIOS : GRACO24J535,,,,,,,,
3840,115-01-153 INVENTARIO : INVENTARIOS : GRACO24J536,,,,,,,,
3841,115-01-154 INVENTARIO : INVENTARIOS : GRACO24J678,,,,,,,,
3842,115-01-155 INVENTARIO : INVENTARIOS : GRACO24K207,,,,,,,,
3843,115-01-156 INVENTARIO : INVENTARIOS : GRACO24K241,,,,,,,,
4088,115-01-157 INVENTARIO : INVENTARIOS : GRACO24K363,,,,,,,,
3844,115-01-158 INVENTARIO : INVENTARIOS : GRACO24K983,,,,,,,,
3845,115-01-159 INVENTARIO : INVENTARIOS : GRACO24K984,,,,,,,,
3846,115-01-160 INVENTARIO : INVENTARIOS : GRACO24K999,,,,,,,,
3847,115-01-161 INVENTARIO : INVENTARIOS : GRACO24L002,,,,,,,,
3848,115-01-162 INVENTARIO : INVENTARIOS : GRACO24M403,,,,,,,,
3849,115-01-163 INVENTARIO : INVENTARIOS : GRACO24M404,,,,,,,,
3850,115-01-164 INVENTARIO : INVENTARIOS : GRACO24T100,,,,,,,,
3851,115-01-165 INVENTARIO : INVENTARIOS : GRACO24T973,,,,,,,,
3852,115-01-166 INVENTARIO : INVENTARIOS : GRACO24M400,,,,,,,,
3853,115-01-167 INVENTARIO : INVENTARIOS : GRACO24U315,,,,,,,,
3854,115-01-168 INVENTARIO : INVENTARIOS : GRACO24U852,,,,,,,,
3855,115-01-169 INVENTARIO : INVENTARIOS : GRACO24U853,,,,,,,,
3856,115-01-170 INVENTARIO : INVENTARIOS : GRACO24X055,,,,,,,,
3857,115-01-171 INVENTARIO : INVENTARIOS : GRACO24X056,,,,,,,,
3858,115-01-172 INVENTARIO : INVENTARIOS : GRACO255148,,,,,,,,
3859,115-01-173 INVENTARIO : INVENTARIOS : GRACO259024,,,,,,,,
3860,115-01-174 INVENTARIO : INVENTARIOS : GRACO256200,,,,,,,,
3861,115-01-175 INVENTARIO : INVENTARIOS : GRACO25M269,,,,,,,,
3862,115-01-176 INVENTARIO : INVENTARIOS : GRACO25R000,,,,,,,,
3863,115-01-177 INVENTARIO : INVENTARIOS : GRACO261669,,,,,,,,
3864,115-01-178 INVENTARIO : INVENTARIOS : GRACO261821,,,,,,,,
3865,115-01-179 INVENTARIO : INVENTARIOS : GRACO261847,,,,,,,,
3866,115-01-180 INVENTARIO : INVENTARIOS : GRACO261854,,,,,,,,
3867,115-01-181 INVENTARIO : INVENTARIOS : GRACO261859,,,,,,,,
3868,115-01-182 INVENTARIO : INVENTARIOS : GRACO261864,,,,,,,,
3869,115-01-183 INVENTARIO : INVENTARIOS : GRACO261876,,,,,,,,
3870,115-01-184 INVENTARIO : INVENTARIOS : GRACO261878,,,,,,,,
3871,115-01-185 INVENTARIO : INVENTARIOS : GRACO261892,,,,,,,,
3872,115-01-186 INVENTARIO : INVENTARIOS : GRACO261897,,,,,,,,
3873,115-01-187 INVENTARIO : INVENTARIOS : GRACO261898,,,,,,,,
3874,115-01-188 INVENTARIO : INVENTARIOS : GRACO262034,,,,,,,,
3875,115-01-189 INVENTARIO : INVENTARIOS : GRACO26A350,,,,,,,,
3876,115-01-190 INVENTARIO : INVENTARIOS : GRACO272012,,,,,,,,
3877,115-01-191 INVENTARIO : INVENTARIOS : GRACO295397,,,,,,,,
3878,115-01-192 INVENTARIO : INVENTARIOS : GRACO295826,,,,,,,,
3879,115-01-193 INVENTARIO : INVENTARIOS : GARCO295852,,,,,,,,
3880,115-01-194 INVENTARIO : INVENTARIOS : GRACO296653,,,,,,,,
3881,115-01-195 INVENTARIO : INVENTARIOS : GRACO296731,,,,,,,,
3882,115-01-196 INVENTARIO : INVENTARIOS : GRACO296785,,,,,,,,
3883,115-01-197 INVENTARIO : INVENTARIOS : GRACO551189,,,,,,,,
3884,115-01-198 INVENTARIO : INVENTARIOS : GRACO555808,,,,,,,,
3885,115-01-199 INVENTARIO : INVENTARIOS : GRACOGC2511,,,,,,,,
3886,115-01-200 INVENTARIO : INVENTARIOS : GRACOAF2020,,,,,,,,
3887,115-01-201 INVENTARIO : INVENTARIOS : GRACOAF4242,,,,,,,,
3888,115-01-202 INVENTARIO : INVENTARIOS : GRACOAF5252,,,,,,,,
3889,115-01-203 INVENTARIO : INVENTARIOS : GRACOAR5252,,,,,,,,
3890,115-01-204 INVENTARIO : INVENTARIOS : GRACOAF2929,,,,,,,,
3891,115-01-205 INVENTARIO : INVENTARIOS : GRACOAR2020,,,,,,,,
3892,115-01-206 INVENTARIO : INVENTARIOS : GRACOAR2929,,,,,,,,
3893,115-01-207 INVENTARIO : INVENTARIOS : GRACOAR3729,,,,,,,,
3894,115-01-208 INVENTARIO : INVENTARIOS : GRACOAR3737,,,,,,,,
3895,115-01-209 INVENTARIO : INVENTARIOS : GRACOAR4242,,,,,,,,
3896,115-01-210 INVENTARIO : INVENTARIOS : GRACOAR7070,,,,,,,,
3897,115-01-211 INVENTARIO : INVENTARIOS : GRACOAP2012,,,,,,,,
3898,115-01-212 INVENTARIO : INVENTARIOS : GRACOAP9024,,,,,,,,
3899,115-01-213 INVENTARIO : INVENTARIOS : GRACOC20203,,,,,,,,
3900,115-01-214 INVENTARIO : INVENTARIOS : GRACOFL0101,,,,,,,,
3901,115-01-215 INVENTARIO : INVENTARIOS : GRACOFT0424,,,,,,,,
3902,115-01-216 INVENTARIO : INVENTARIOS : GRACOFT0438,,,,,,,,
3903,115-01-217 INVENTARIO : INVENTARIOS : GRACOFT0624,,,,,,,,
3904,115-01-218 INVENTARIO : INVENTARIOS : GRACOFT0638,,,,,,,,
3905,115-01-219 INVENTARIO : INVENTARIOS : GRACOFT0838,,,,,,,,
3906,115-01-220 INVENTARIO : INVENTARIOS : GRACOFT0848,,,,,,,,
3907,115-01-221 INVENTARIO : INVENTARIOS : GRACOFTM424,,,,,,,,
3908,115-01-222 INVENTARIO : INVENTARIOS : GRACOFTM438,,,,,,,,
3909,115-01-223 INVENTARIO : INVENTARIOS : GRACOFTM848,,,,,,,,
3910,115-01-224 INVENTARIO : INVENTARIOS : GRACOH45010,,,,,,,,
3911,115-01-225 INVENTARIO : INVENTARIOS : GRACOXF1313,,,,,,,,
3912,115-01-226 INVENTARIO : INVENTARIOS : GRACOXF1818,,,,,,,,
3913,115-01-227 INVENTARIO : INVENTARIOS : GRACOXF5757,,,,,,,,
3914,115-01-228 INVENTARIO : INVENTARIOS : GRACOXHD001,,,,,,,,
3915,115-01-229 INVENTARIO : INVENTARIOS : GRACOXHD427,,,,,,,,
3916,115-01-230 INVENTARIO : INVENTARIOS : LCINTACORTE-10,,,,,,,,
3917,115-01-231 INVENTARIO : INVENTARIOS : LCINTACORTE-1,,,,,,,,
3918,115-01-232 INVENTARIO : INVENTARIOS : LCINTACORTER-10,,,,,,,,
3919,115-01-233 INVENTARIO : INVENTARIOS : PLASHUSKY9,,,,,,,,
3920,115-01-234 INVENTARIO : INVENTARIOS : PLASHUSKY8,,,,,,,,
3921,115-01-235 INVENTARIO : INVENTARIOS : PAPENMASC,,,,,,,,
3922,115-01-236 INVENTARIO : INVENTARIOS : LTUBOGRASA,,,,,,,,
3923,115-01-237 INVENTARIO : INVENTARIOS : POSITECTOR 6000,,,,,,,,
3924,115-01-238 INVENTARIO : INVENTARIOS : MASCARA,,,,,,,,
3925,115-01-239 INVENTARIO : INVENTARIOS : GUANTELATEX,,,,,,,,
3926,115-01-240 INVENTARIO : INVENTARIOS : TRAJEPINTOR,,,,,,,,
3927,115-01-241 INVENTARIO : INVENTARIOS : PAQLIJA,,,,,,,,
3928,115-01-242 INVENTARIO : INVENTARIOS : NIPPLE1/4,,,,,,,,
3929,115-01-243 INVENTARIO : INVENTARIOS : CINTAMASKING,,,,,,,,
3930,115-01-244 INVENTARIO : INVENTARIOS : CINTAMARCAJE,,,,,,,,
3931,115-01-245 INVENTARIO : INVENTARIOS : CINTATRANSP,,,,,,,,
3932,115-01-246 INVENTARIO : INVENTARIOS : LNX-IC-320A,,,,,,,,
3933,115-01-247 INVENTARIO : INVENTARIOS : LNX-IC-320B,,,,,,,,
3934,115-01-248 INVENTARIO : INVENTARIOS : LPIG.P4358-8,,,,,,,,
3935,115-01-249 INVENTARIO : INVENTARIOS : LPIG.P4365-8,,,,,,,,
3936,115-01-250 INVENTARIO : INVENTARIOS : LPIG.P4373-8,,,,,,,,
3937,115-01-251 INVENTARIO : INVENTARIOS : LPIG.P4374-8,,,,,,,,
3938,115-01-252 INVENTARIO : INVENTARIOS : LPIG.P4395-40,,,,,,,,
3939,115-01-253 INVENTARIO : INVENTARIOS : LPIG. P4342M-40,,,,,,,,
3940,115-01-254 INVENTARIO : INVENTARIOS : LPIG. P4358-40,,,,,,,,
3941,115-01-255 INVENTARIO : INVENTARIOS : LPIG. P4375-40,,,,,,,,
3942,115-01-256 INVENTARIO : INVENTARIOS : LPIG.P4349-40,,,,,,,,
3943,115-01-257 INVENTARIO : INVENTARIOS : LPIG.P5169-8,,,,,,,,
3944,115-01-258 INVENTARIO : INVENTARIOS : LPIG. P5169-40,,,,,,,,
3945,115-01-259 INVENTARIO : INVENTARIOS : LPIG.P5323-8,,,,,,,,
3946,115-01-260 INVENTARIO : INVENTARIOS : LPRIMERSF515A,,,,,,,,
3947,115-01-261 INVENTARIO : INVENTARIOS : LPRIMERSF515B,,,,,,,,
3948,115-01-262 INVENTARIO : INVENTARIOS : LPRIMERXPMA,,,,,,,,
3949,115-01-263 INVENTARIO : INVENTARIOS : LPRIMERXPMB,,,,,,,,
3950,115-01-264 INVENTARIO : INVENTARIOS : PRM-A1ISO,,,,,,,,
3951,115-01-265 INVENTARIO : INVENTARIOS : PRM-B1186C,,,,,,,,
3952,115-01-266 INVENTARIO : INVENTARIOS : PRM-B1348C,,,,,,,,
3953,115-01-267 INVENTARIO : INVENTARIOS : PRMB1ASP5535,,,,,,,,
3954,115-01-268 INVENTARIO : INVENTARIOS : PRMB1ASP5546,,,,,,,,
3955,115-01-269 INVENTARIO : INVENTARIOS : PRMB1ASP5540,,,,,,,,
3956,115-01-270 INVENTARIO : INVENTARIOS : PRMB1BK,,,,,,,,
3957,115-01-271 INVENTARIO : INVENTARIOS : ASP5540-2-MX,,,,,,,,
3958,115-01-272 INVENTARIO : INVENTARIOS : ASP5541-3-MX,,,,,,,,
3959,115-01-273 INVENTARIO : INVENTARIOS : ASP5535-2-MX,,,,,,,,
3960,115-01-274 INVENTARIO : INVENTARIOS : ASP5537-3-MX,,,,,,,,
3961,115-01-275 INVENTARIO : INVENTARIOS : ASP5504-3-MX,,,,,,,,
3962,115-01-276 INVENTARIO : INVENTARIOS : ASP5504-8-MX,,,,,,,,
3963,115-01-277 INVENTARIO : INVENTARIOS : ASP5507-3-MX,,,,,,,,
3964,115-01-278 INVENTARIO : INVENTARIOS : ASP5553-3-MX,,,,,,,,
3965,115-01-279 INVENTARIO : INVENTARIOS : ASP5553-2-MX,,,,,,,,
3966,115-01-280 INVENTARIO : INVENTARIOS : ASP5506-8-MX,,,,,,,,
3967,115-01-281 INVENTARIO : INVENTARIOS : ASP5618-8-MX,,,,,,,,
3968,115-01-282 INVENTARIO : INVENTARIOS : LINE-X EPXA,,,,,,,,
3969,115-01-283 INVENTARIO : INVENTARIOS : LINE-X EPXB,,,,,,,,
3970,115-01-284 INVENTARIO : INVENTARIOS : TUXEDO,,,,,,,,
3971,115-01-285 INVENTARIO : INVENTARIOS : MEND-X-A-01,,,,,,,,
3972,115-01-286 INVENTARIO : INVENTARIOS : MEND-X-B-01,,,,,,,,
3973,115-01-287 INVENTARIO : INVENTARIOS : AGITADOR,,,,,,,,
3974,115-01-288 INVENTARIO : INVENTARIOS : LXS-100AISO,,,,,,,,
3975,115-01-289 INVENTARIO : INVENTARIOS : LXS-100BNEG,,,,,,,,
3976,115-01-290 INVENTARIO : INVENTARIOS : LXS-100BNTO,,,,,,,,
3977,115-01-291 INVENTARIO : INVENTARIOS : LXS-350AISO,,,,,,,,
3978,115-01-292 INVENTARIO : INVENTARIOS : LXS-350BNTO,,,,,,,,
3979,115-01-293 INVENTARIO : INVENTARIOS : XS-650A-55GL,,,,,,,,
3980,115-01-294 INVENTARIO : INVENTARIOS : XS-650B-55GL,,,,,,,,
3981,115-01-295 INVENTARIO : INVENTARIOS : LXS-310AISO,,,,,,,,
3982,115-01-296 INVENTARIO : INVENTARIOS : LX1275 AER,,,,,,,,
3983,115-01-297 INVENTARIO : INVENTARIOS : LX1275-01,,,,,,,,
3984,115-01-298 INVENTARIO : INVENTARIOS : LX1275-05,,,,,,,,
3985,115-01-299 INVENTARIO : INVENTARIOS : FCP-NEUTRAL A,,,,,,,,
3986,115-01-300 INVENTARIO : INVENTARIOS : FCP-NEUTRAL B,,,,,,,,
3987,115-01-301 INVENTARIO : INVENTARIOS : FCP-AMARILLO A,,,,,,,,
3988,115-01-302 INVENTARIO : INVENTARIOS : FCP-AMARILLO B,,,,,,,,
3989,115-01-303 INVENTARIO : INVENTARIOS : ULTRA-A5-MX,,,,,,,,
3990,115-01-304 INVENTARIO : INVENTARIOS : ULTRA-B5-MX,,,,,,,,
3991,115-01-305 INVENTARIO : INVENTARIOS : DBE-05,,,,,,,,
3992,115-01-306 INVENTARIO : INVENTARIOS : SW-BC-MX,,,,,,,,
3993,115-01-307 INVENTARIO : INVENTARIOS : DOA-05,,,,,,,,
3994,115-01-308 INVENTARIO : INVENTARIOS : CU-970A-05-MX,,,,,,,,
3995,115-01-309 INVENTARIO : INVENTARIOS : CU-970B-01-MX,,,,,,,,
3996,115-01-310 INVENTARIO : INVENTARIOS : BEDCOVERS,,,,,,,,
3997,115-01-311 INVENTARIO : INVENTARIOS : CUPBRUSH-6,,,,,,,,
3998,115-01-312 INVENTARIO : INVENTARIOS : AS16580-MX,,,,,,,,
3999,115-01-313 INVENTARIO : INVENTARIOS : AS16611-MX,,,,,,,,
4000,115-01-314 INVENTARIO : INVENTARIOS : AS16609 -MX,,,,,,,,
4001,115-01-315 INVENTARIO : INVENTARIOS : AS16023-MX,,,,,,,,
4002,115-01-316 INVENTARIO : INVENTARIOS : AS16024-MX,,,,,,,,
4003,115-01-317 INVENTARIO : INVENTARIOS : AS16091-10-MX,,,,,,,,
4004,115-01-318 INVENTARIO : INVENTARIOS : 9200-02L-MX,,,,,,,,
4005,115-01-319 INVENTARIO : INVENTARIOS : 9901-MX,,,,,,,,
4006,115-01-320 INVENTARIO : INVENTARIOS : 1410-12-MX,,,,,,,,
4007,115-01-321 INVENTARIO : INVENTARIOS : STP-MX,,,,,,,,
4008,115-01-322 INVENTARIO : INVENTARIOS : 23902-210-MX,,,,,,,,
4009,115-01-323 INVENTARIO : INVENTARIOS : 10-310-1402-MX,,,,,,,,
4010,115-01-324 INVENTARIO : INVENTARIOS : SANDER-MX,,,,,,,,
4011,115-01-325 INVENTARIO : INVENTARIOS : D18050-MX,,,,,,,,
4012,115-01-326 INVENTARIO : INVENTARIOS : SCD-80-MX,,,,,,,,
4013,115-01-327 INVENTARIO : INVENTARIOS : TG COOLER20QT-MX,,,,,,,,
4014,115-01-328 INVENTARIO : INVENTARIOS : TG COOLER45QT-MX,,,,,,,,
4015,115-01-329 INVENTARIO : INVENTARIOS : TG COOLER75QT-MX,,,,,,,,
4016,115-01-330 INVENTARIO : INVENTARIOS : TG COOLER110QT-MX,,,,,,,,
4017,115-01-331 INVENTARIO : INVENTARIOS : TG JUMP STARTER-MX,,,,,,,,
4018,115-01-332 INVENTARIO : INVENTARIOS : TG TIEDOWN KIT-300-MX,,,,,,,,
4019,115-01-333 INVENTARIO : INVENTARIOS : TG TIEDOWN KIT-600-MX,,,,,,,,
4020,115-01-334 INVENTARIO : INVENTARIOS : MC-341957-MX,,,,,,,,
4021,115-01-335 INVENTARIO : INVENTARIOS : BMNT5700-05GL,,,,,,,,
4022,115-01-336 INVENTARIO : INVENTARIOS : BMNT1455-05GL,,,,,,,,
4023,115-01-337 INVENTARIO : INVENTARIOS : BCSO263-05GL,,,,,,,,
4119,115-01-338 INVENTARIO : INVENTARIOS : GRACO24N450,,,,,,,,
4127,115-01-339 INVENTARIO : INVENTARIOS : 9901-25-MX TEAR AWAY (PACK OF 25),,,,,,,,
4132,115-01-340 INVENTARIO : INVENTARIO : GRACO243340 KIT ACCY PAIL SST 5 GL,,,,,,,,
4133,115-01-341 INVENTARIO : INVENTARIO : GRACO160754 FLANGE BUNG,,,,,,,,
4142,115-01-342 INVENTARIO : INVENTARIO : GRACO255149 KIT DRAIN VALVE ISO,,,,,,,,
4143,115-01-343 INVENTARIO : INVENTARIO : GRACO217374 LUBRICANT ISO PUMP,,,,,,,,
4136,115-01-344 INVENTARIO : INVENTARIO : GRACO206264 VALVE NEEDLE,,,,,,,,
4137,115-01-345 INVENTARIO : INVENTARIO : IP-02-223-954-MX 2:1 STUBBY PUMP SST,,,,,,,,
4144,115-01-346 INVENTARIO : INVENTARIOS : GRACO24B917 INSERT TOOL,,,,,,,,
4145,115-01-347 INVENTARIO : INVENTARIOS : GRACO24U175 KIT SUMULATION ADM,,,,,,,,
4168,115-01-348 INVENTARIO : INVENTARIOS : NMP-01GL-MX,,,,,,,,
4169,115-01-349 INVENTARIO : INVENTARIOS : LCINTACORTER-1,,,,,,,,
4170,115-01-350 INVENTARIO : INVENTARIOS : GRACO15B214 SCREWRETAINING SPRING,,,,,,,,
4197,115-01-351 INVENTARIO : INVENTARIOS : GRACO248137 KIT BULK PTFE AIR CAP ORING,,,,,,,,
4198,115-01-352 INVENTARIO : INVENTARIOS : GRACO248135 KIT BULK LG PISTON ORING,,,,,,,,
4199,115-01-353 INVENTARIO : INVENTARIOS : GRACO117642 TOOL NUT DRIVER 5/16",,,,,,,,
4200,115-01-354 INVENTARIO : INVENTARIOS : GRACO257420 KIT ACCESSORY CHK BALL 10 PK,,,,,,,,
4201,115-01-355 INVENTARIO : INVENTARIOS : GRACO24N365 KIT TEST RTD,,,,,,,,
4202,115-01-356 INVENTARIO : INVENTARIOS : GRACO296607 TOOL CLEVIS PIN EXTRACTOR,,,,,,,,
4203,115-01-357 INVENTARIO : INVENTARIOS : GRACO25M460 KIT COMPLETE 80 PUMP A-SIDE,,,,,,,,
4204,115-01-358 INVENTARIO : INVENTARIOS : GRACO25M461 KIT COMPLETE 80 PUMP B SIDE,,,,,,,,
4205,115-01-359 INVENTARIO : INVENTARIOS : CO-ULPM24111A,,,,,,,,
4206,115-01-360 INVENTARIO : INVENTARIOS : CO-ULPM24111B,,,,,,,,
4207,115-01-361 INVENTARIO : INVENTARIOS : QL-SP-123658,,,,,,,,
4208,115-01-362 INVENTARIO : INVENTARIOS : QL-CT-310-HBK,,,,,,,,
4209,115-01-363 INVENTARIO : INVENTARIOS : QL-SP-410,,,,,,,,
4210,115-01-364 INVENTARIO : INVENTARIOS : GRACO255150 KIT DRAIN VALVE RESIN,,,,,,,,
4211,115-01-365 INVENTARIO : INVENTARIOS : GRACO15B208 PLUG. AIR VALVE,,,,,,,,
4212,115-01-366 INVENTARIO : INVENTARIOS : GRACO15B807 SHIELD FAN,,,,,,,,
4213,115-01-367 INVENTARIO : GRACO248969 KIT TOOL CLEANOUT AP HANDLE,,,,,,,,
4214,115-01-368 INVENTARIO : INVENTARIOS : KIT SPARE PARTS FUSION AP,,,,,,,,
4221,115-01-369 INVENTARIO : INVENTARIOS : SCD-40-MX,,,,,,,,
4243,115-01-370 INVENTARIO : INVENTARIOS : GRACO117770 SWITCH REED W/CABLE,,,,,,,,
4244,115-01-371 INVENTARIO : INVENTARIOS : GRACO24K982 KIT MAGNET DISC,,,,,,,,
4251,115-01-372 INVENTARIO : INVENTARIOS : CG50-MX,,,,,,,,
4252,115-01-373 INVENTARIO : INVENTARIOS : SRK-50BK-MX,,,,,,,,
4253,115-01-374 INVENTARIO : INVENTARIOS : LX122D-MX,,,,,,,,
4254,115-01-375 INVENTARIO : INVENTARIOS : ASP5553-8-MX,,,,,,,,
4255,115-01-376 INVENTARIO : INVENTARIOS : ASP5537-8-MX,,,,,,,,
4256,115-01-377 INVENTARIO : INVENTARIOS : ASP5541-8-MX,,,,,,,,
4257,115-01-378 INVENTARIO : INVENTARIOS : ASP5540-8-MX,,,,,,,,
4258,115-01-379 INVENTARIO : INVENTARIOS : ASP5535-8-MX,,,,,,,,
4264,115-01-380 INVENTARIO : INVENTARIOS : HD709-MX 9´X 400´.0007 CLEAR 12.0/72 - PLASTIC,,,,,,,,
4265,115-01-381 INVENTARIO : INVENTARIOS : GRACO109077 VALVE BALL 3/4 NPT FEM 600PSI,,,,,,,,
4270,115-01-382 INVENTARIO : INVENTARIOS : GRACO246088 JACKET SCUFF 10 FT,,,,,,,,
4271,115-01-383 INVENTARIO : INVENTARIOS : GRACO246078 JACKET SCUFF 50 FT,,,,,,,,
4276,115-01-384 INVENTARIO : INVENTARIOS : GRACO24G881 KIT CONNTROL PUMP E-30/E-XP2,,,,,,,,
4521,115-01-385 INVENTARIO : INVENTARIOS : ASPCUSTOMGREEN-MX,,,,,,,,
4522,115-01-386 INVENTARIO : INVENTARIOS : ASPCJGRAY-8-MX,,,,,,,,
4552,115-01-387 INVENTARIO : INVENTARIOS : GRACO25M221 KIT ORING HIGH TEMP/PRESSURE,,,,,,,,
4553,115-01-388 INVENTARIO : INVENTARIOS : LPIG. P5429M-40,,,,,,,,
4558,115-01-389 INVENTARIO : INVENTARIOS : LPIG. PCUSTGREEN-8,,,,,,,,
4559,115-01-390 INVENTARIO : INVENTARIOS : ASPCUSTOMLIGHTBLUE-8-MX,,,,,,,,
4560,115-01-391 INVENTARIO : INVENTARIOS : GRACO272112 PROPORTIONER E-XP2 R2 ELITE,,,,,,,,
4561,115-01-392 INVENTARIO : INVENTARIOS : GRACO24Y241 HOSE HTD X-WRAP 3/8 50´ RT,,,,,,,,
4562,115-01-393 INVENTARIO : INVENTARIOS : GRACO247956 KIT T1 WITH PLUMBING,,,,,,,,
4563,115-01-394 INVENTARIO : INVENTARIOS : JICUSTOMWHITE-40,,,,,,,,
4564,115-01-395 INVENTARIO : INVENTARIOS : ASPCUSTOMWHITE-20,,,,,,,,
4611,115-01-396 INVENTARIO : INVENTARIOS : GRACO15E022 SEAT VALVE,,,,,,,,
4612,115-01-397 INVENTARIO : INVENTARIOS : GRACO111699 GASKET SEAT VALVE,,,,,,,,
4625,115-01-398 INVENTARIO : INVENTARIOS : GRACO244199 Q KIT CARBIDE SEAT,,,,,,,,
4626,115-01-399 INVENTARIO : INVENTARIOS : MVB-A5-MX,,,,,,,,
4627,115-01-400 INVENTARIO : INVENTARIOS : MVB-B5-MX,,,,,,,,
4628,115-01-401 INVENTARIO : INVENTARIOS : WP-357-05-GRAY-MX,,,,,,,,
4636,115-01-402 INVENTARIO : INVENTARIOS : GRACO24G879 KIT CONTROL PUMP E20,,,,,,,,
4639,115-01-403 INVENTARIO : INVENTARIOS : GRACO247117 GUN AP AF2929 FT0838,,,,,,,,
4640,115-01-404 INVENTARIO : INVENTARIOS : GRACO156823 Q FITTING UNION SWIVEL,,,,,,,,
4641,115-01-405 INVENTARIO : INVENTARIOS : GRACO15B380 CABLE BOSE CONTROL,,,,,,,,
4642,115-01-406 INVENTARIO : INVENTARIOS : GRACO15B223 VALVE CLEAN OFF AIR,,,,,,,,
4643,115-01-407 INVENTARIO : INVENTARIOS : GRACO15B380 CABLE HOSE CONTROL,,,,,,,,
4646,115-01-408 INVENTARIO : INVENTARIOS : GRACO241015 KIT REPAIR BEARING HSNG,,,,,,,,
4647,115-01-409 INVENTARIO : INVENTARIOS : GRACO114666 SCREW CAP SOCKET HD,,,,,,,,
4648,115-01-410 INVENTARIO : INVENTARIOS : GRACO106115 WASHER LOCK SPRING (HI-COLLAR),,,,,,,,
4649,115-01-411 INVENTARIO : INVENTARIOS : GRACO241279 KITREPLCONN ROD,,,,,,,,
4650,115-01-412 INVENTARIO : INVENTARIOS : GRACO183169 SPRING RETAINING,,,,,,,,
4653,115-01-413 INVENTARIO : INVENTARIOS : GRACO246626 KIT REPAIR CLEANOUT TOOL #50,,,,,,,,
4654,115-01-414 INVENTARIO : INVENTARIOS : GRACO111457 PACKING O-RING,,,,,,,,
3187,115-02-001 INVENTARIO : INVENTARIO COMPL,,,,,,,,
125,1210 Accounts Receivable,,,,,,,,
1943,1211 Accounts Receivable : IC Accounts Receivable,,,,,,,,
545,1215 Accounts Receivable : A/R Prepayments,,,,,,,,
546,1220 A/R - Other,,,,,,,,
775,1221 A/R - KeyStone Rebates,,,,,,,,
4481,12345 PRUEBA 1,,,,,,,,
547,1235 A/R Clearing,,,,,,,,
548,1236 A/R Clearing - Earl Scheib,,,,,,,,
3672,1237 Undeposited Funds -HSV/LXR : Wire Payment Clearing,,,,,,,,
549,1240 Allow-Doubtful Accts Ar Trade,,,,,,,,
550,1241 Allow-Doubtful Accts Ar Trade APC,,,,,,,,
551,1245 Tax Receivables,,,,,,,,
552,1250 A/R - Terminated Stores,,,,,,,,
553,1255 Allow - Terminated Stores,,,,,,,,
554,1260 N/R - Note Receivable,,,,,,,,
555,1265 N/R - E-10 Reactor Financing,,,,,,,,
1282,1270 Interest Receivable,,,,,,,,
556,1300 A/R - Related Party Trade,,,,,,,,
4223,1305 A/R - Related Party - Franchising,,,,,,,,
558,1310 A/R - Related Party - Other,,,,,,,,
4224,1315 A/R - Related Party - APC Store,,,,,,,,
560,1316 A/R - Related Party - LXW Store,,,,,,,,
561,1317 N/R - GFX CANADA,,,,,,,,
562,1318 N/R - GFX CANADA - INT REC,,,,,,,,
1627,1319 A/R - Related Party - CPC & GFX,,,,,,,,
563,1320 A/R - Related Party - Holdings,,,,,,,,
4225,1330 A/R - Related Party - GFX Daily Activity,,,,,,,,
565,1340 A/R Related Party - AAG,,,,,,,,
4227,1350 A/R Related Party - CPC,,,,,,,,
1701,1360 A/R Related Party - IXS,,,,,,,,
1919,1361 A/R Related Party - Mexican Operating Co.,,,,,,,,
1920,1362 A/R Related Party - Mexican Services Co.,,,,,,,,
1930,1363 A/R Related Party - LINE-X of Europe,,,,,,,,
1931,1364 A/R Related Party - IXS Topco (Netherlands) C.V.,,,,,,,,
1932,1365 A/R Related Party - IXS International GP,,,,,,,,
1933,1366 A/R Related Party - Innovative XCessories International LLC,,,,,,,,
1936,1367 A/R Related Party - IXS Intermediate Holdings Co.,,,,,,,,
1715,1370 AR Rel P-Olympus Beg Bal Sht - GFX - Can,,,,,,,,
1860,1380 A/R - Related Party - LX Retail LLC,,,,,,,,
1941,1382 IC Accrued Interest - Mexico 4%,,,,,,,,
1945,1390 A/R - Related Party - Ultimate Linings,,,,,,,,
566,1410 A/R - Related Party - GFX Revolver,,,,,,,,
4226,1450 A/R Ad Fund,,,,,,,,
568,1490 A/R - Related Party - Employee,,,,,,,,
110,1499 Inventory Asset,,,,,,,,
2775,150-00-000 ACTIVO FIJO,,,,,,,,
3188,150-01-001 ACTIVO FIJO : MAQUINARIA Y EQUIPO,,,,,,,,
3189,150-01-002 ACTIVO FIJO : MUEBLES Y UTILES,,,,,,,,
3190,150-01-003 ACTIVO FIJO : OTROS ACTIVOS FIJOS,,,,,,,,
3191,150-01-004 ACTIVO FIJO : VEHICULOS,,,,,,,,
3192,150-01-005 ACTIVO FIJO : INTANGIBLES,,,,,,,,
4089,150-01-006 ACTIVO FIJO : MEJORAS A LOCAL,,,,,,,,
3193,150-20-000 ACTIVO FIJO : DEPRECIANCION ACUMULADA,,,,,,,,
3476,150-20-001 ACTIVO FIJO : MAQUINARIA Y EQUIPO DEPRECIACION,,,,,,,,
3477,150-20-002 ACTIVO FIJO : MUEBLES Y UTILES DEPRECIACION,,,,,,,,
3478,150-20-003 ACTIVO FIJO : OTROS ACTIVOS FIJOS DEPRECIACION,,,,,,,,
3479,150-20-004 ACTIVO FIJO : VEHICULOS DEPRECIACION,,,,,,,,
3480,150-20-005 ACTIVO FIJO : INTANGIBLES AMORTIZACION,,,,,,,,
4090,150-20-006 ACTIVO FIJO : MEJORAS A LOCAL DEPRECIACION,,,,,,,,
1295,1501 Inventory Clearing,,,,,,,,
1324,1550 WIP - BM,,,,,,,,
1325,1560 Blended In-House,,,,,,,,
1326,1580 Inventory - Warranty Returns,,,,,,,,
1327,1582 Inventory NWU Step Up,,,,,,,,
1328,1585 Inventory Valuation,,,,,,,,
1329,1587 Inventory LXW Step Up,,,,,,,,
1330,1590 Inventory - Reserve,,,,,,,,
121,1595 Inventory Returned Not Credited,,,,,,,,
128,1599 Inventory In Transit,,,,,,,,
1524,1600 Prepaid: Other,,,,,,,,
1331,1601 Website Prepaids,,,,,,,,
1332,1602 Material Production Prepaids,,,,,,,,
1333,1603 Trade Show Prepaids,,,,,,,,
1334,1604 Nascar Annual Prepaids,,,,,,,,
1525,1605 Prepaid: Promotional Items,,,,,,,,
1335,1606 Truck Trend Prepaids,,,,,,,,
1336,1607 Advertising - Commercial Prepaids,,,,,,,,
1337,1608 Craig Morgan Prepaids,,,,,,,,
1338,1609 West Coast Customs Prepaids,,,,,,,,
1526,1610 Prepaid: Fees & Interest,,,,,,,,
1339,1611 SEMA Prepaids,,,,,,,,
1636,1612 Duck Commander Prepaids,,,,,,,,
1856,1613 Prepaid: GLC,,,,,,,,
1873,1614 Diesel Bro. & Raptor Prepaids,,,,,,,,
1527,1620 Prepaid: Rent,,,,,,,,
1528,1630 Prepaid: IT Maint Fees,,,,,,,,
1529,1640 Prepaid: Insurance,,,,,,,,
1530,1650 Prepaid: Auto Lease,,,,,,,,
1531,1660 Prepaid: Warehouse Expense,,,,,,,,
1340,1670 Deposits,,,,,,,,
1532,1671 Prepaid: Federal Inc Tax,,,,,,,,
1533,1672 Prepaid: State Inc Tax,,,,,,,,
1711,1673 Corporate Taxes - Foriegn,,,,,,,,
1712,1674 Provincial Taxes - Foreign,,,,,,,,
1287,1676 GST/HST on Purchases,,,,,,,,
1895,1677 PST on Purchases-QC,,,,,,,,
1318,1680 Working Capital Escrow,,,,,,,,
1317,1690 Indemnity Escrow,,,,,,,,
1341,1700 Cash - Advertising Fund,,,,,,,,
1874,1799 Franchise Avail for Sale,,,,,,,,
1342,1800 Other Current Assets,,,,,,,,
1343,1850 Deferred Income Tax Benefit,,,,,,,,
1344,1900 N/R - Current Portion,,,,,,,,
1345,1905 N/R - Tl Short Term Note,,,,,,,,
1346,1910 Allow-Doubtful Accts Nr Trade,,,,,,,,
1347,1920 N/R - Employee Reloc Loans,,,,,,,,
3220,201-01-000 PROVEEDORES : PROVEEDORES,,,,,,,,
3221,201-01-001 PROVEEDORES : PROVEEDORES : GRACO INC,,,,,,,,
3222,201-01-002 PROVEEDORES : PROVEEDORES : LANGEMAN,,,,,,,,
3223,201-01-003 PROVEEDORES : PROVEEDORES : LINE-X LLC,,,,,,,,
3224,201-01-004 PROVEEDORES : PROVEEDORES : POLY AMERICA,,,,,,,,
4091,201-01-005 PROVEEDORES : PROVEEDORES : ULTIMATE LININGS LTD,,,,,,,,
3225,201-01-006 PROVEEDORES : PROVEEDORES : GRACO COMPL,,,,,,,,
3226,201-01-007 PROVEEDORES : PROVEEDORES : LANGEMAN COMPLEMENTO,,,,,,,,
3227,201-01-008 PROVEEDORES : PROVEEDORES : LINE-X LLC COMPLEMENTO,,,,,,,,
3228,201-01-009 PROVEEDORES : PROVEEDORES : POLY AMERICA COMPLEMENTO,,,,,,,,
3229,201-01-010 PROVEEDORES : PROVEEDORES : ITASA,,,,,,,,
3230,201-01-011 PROVEEDORES : PROVEEDORES : PINTURAS MARTINEZ,,,,,,,,
3231,201-01-012 PROVEEDORES : PROVEEDORES : PROVEEDORES VARIOS,,,,,,,,
4092,201-01-013 PROVEEDORES : PROVEEDORES : ULTIMATE LININGS LTD COMPLEMENTO,,,,,,,,
4152,201-01-014 PROVEEDORES : PROVEEDORES : REFACCIONARIA ROGELIO SA DE CV,,,,,,,,
4263,201-01-015 PROVEEDORES : PROVEEDORES : TRM MANUFACTURING,,,,,,,,
4497,201-01-500 PROVEEDORES : PROVEEDORES : LINEX,,,,,,,,
1348,2010 Leasehold Improvements,,,,,,,,
1349,2015 Computer and Software,,,,,,,,
1350,2020 Equipment,,,,,,,,
1351,2022 Furniture and Fixtures,,,,,,,,
1352,2025 Test Equipment,,,,,,,,
1353,2030 Vehicles,,,,,,,,
1354,2032 LX OC - PP&E,,,,,,,,
1355,2035 CIP - Used Equipment,,,,,,,,
1356,2040 CIP - Special Projects,,,,,,,,
1883,2041 CIP - New HQ,,,,,,,,
1847,2045 CIP - Vehicles,,,,,,,,
4093,205-01-000 ACREEDORES DIVERSOS : ACREEDORES DIV,,,,,,,,
3199,205-01-001 ACREEDORES DIVERSOS : ACREEDORES DIV : TARJETA DE CREDITO OSCAR ALDAPE,,,,,,,,
3200,205-01-002 ACREEDORES DIVERSOS : ACREEDORES DIV : ACREEDORES DIVERSOS,,,,,,,,
3201,205-01-003 ACREEDORES DIVERSOS : ACREEDORES DIV : ADRIAN VERA LOZANO,,,,,,,,
3202,205-01-004 ACREEDORES DIVERSOS : ACREEDORES DIV : ANTICIPOS,,,,,,,,
3203,205-01-005 ACREEDORES DIVERSOS : ACREEDORES DIV : AT&T COMUNICACIONES,,,,,,,,
3204,205-01-006 ACREEDORES DIVERSOS : ACREEDORES DIV : CAJA CHICA CORP.,,,,,,,,
3205,205-01-007 ACREEDORES DIVERSOS : ACREEDORES DIV : CAJA CHICA TIENDA,,,,,,,,
3206,205-01-008 ACREEDORES DIVERSOS : ACREEDORES DIV : EBENEZER PAPELERA,,,,,,,,
3207,205-01-009 ACREEDORES DIVERSOS : ACREEDORES DIV : ENLACES COMERCIALES,,,,,,,,
3208,205-01-010 ACREEDORES DIVERSOS : ACREEDORES DIV : GEN INDUSTRIAL,,,,,,,,
3209,205-01-011 ACREEDORES DIVERSOS : ACREEDORES DIV : GUILLERMO VILLEGAS,,,,,,,,
3210,205-01-012 ACREEDORES DIVERSOS : ACREEDORES DIV : ITASA,,,,,,,,
3211,205-01-013 ACREEDORES DIVERSOS : ACREEDORES DIV : LEVISA,,,,,,,,
3212,205-01-014 ACREEDORES DIVERSOS : ACREEDORES DIV : MASTER FORMAS,,,,,,,,
3213,205-01-015 ACREEDORES DIVERSOS : ACREEDORES DIV : MAXI-CLEAN SA DE CV,,,,,,,,
3214,205-01-016 ACREEDORES DIVERSOS : ACREEDORES DIV : MORALES RENDON SA DE CV,,,,,,,,
3215,205-01-017 ACREEDORES DIVERSOS : ACREEDORES DIV : PINTURAS MTZ,,,,,,,,
3216,205-01-018 ACREEDORES DIVERSOS : ACREEDORES DIV : RECOLECCIONES ECOLOGICAS SA DE CV,,,,,,,,
3217,205-01-019 ACREEDORES DIVERSOS : ACREEDORES DIV : RPL SERVICIOS,,,,,,,,
3218,205-01-020 ACREEDORES DIVERSOS : ACREEDORES DIV : TC OSCAR ALDAPE,,,,,,,,
3219,205-01-021 ACREEDORES DIVERSOS : ACREEDORES DIV : TPS,,,,,,,,
4094,205-01-022 ACREEDORES DIVERSOS : ACREEDORES DIV : ALVARO GUERVARA,,,,,,,,
4645,205-01-023 ACREEDORES DIVERSOS : ACREEDORES DIV : VALOR MOTRIZ S DE RL DE CV,,,,,,,,
4651,205-01-024 ACREEDORES DIVERSOS : ACREEDORES DIV : REPORTERO INDUSTRIAL MEXICANO SA DE CV,,,,,,,,
4656,205-01-025 ACREEDORES DIVERSOS : ACREEDORES DIV : PROYECTOS Y SERVICIOS GAMOUR SA DE CV,,,,,,,,
4498,205-01-500 ACREEDORES DIVERSOS : ACREEDORES DIV : LINEX OPERADORA,,,,,,,,
4499,205-01-501 ACREEDORES DIVERSOS : ACREEDORES DIV : NOMINA,,,,,,,,
1357,2050 CIP - TRUCK GEAR E-COMMERCE,,,,,,,,
1358,2100 Accum Depr - Leasehold Improv,,,,,,,,
1359,2105 Acc Amor - Leasehold Interest,,,,,,,,
1360,2110 Accum Depr - Manual Estimate,,,,,,,,
1361,2115 Accum. Dep - Computer & Software,,,,,,,,
1362,2120 Acc Depr - Equipment,,,,,,,,
1363,2122 Accum Depr - Furniture & Fixtures,,,,,,,,
1364,2125 Acc Depr - Test Equip,,,,,,,,
2778,213-00-000 IMPUESTOS POR PAGAR,,,,,,,,
3232,213-00-001 IMPUESTOS POR PAGAR : 10% ISR ARRENDAMIENTO,,,,,,,,
3233,213-00-002 IMPUESTOS POR PAGAR : IVA POR PAGAR,,,,,,,,
3234,213-00-004 IMPUESTOS POR PAGAR : IMSS,,,,,,,,
3235,213-00-005 IMPUESTOS POR PAGAR : ISPT,,,,,,,,
3236,213-00-006 IMPUESTOS POR PAGAR : IVA A FAVOR,,,,,,,,
3237,213-00-007 IMPUESTOS POR PAGAR : IVA EGRESOS POR PAGAR,,,,,,,,
3238,213-00-008 IMPUESTOS POR PAGAR : IVA POR ACREDITAR,,,,,,,,
3239,213-00-009 IMPUESTOS POR PAGAR : RETENCIONES IVA,,,,,,,,
4535,213-00-010 IMPUESTOS POR PAGAR : INFONAVIT,,,,,,,,
1365,2130 Accum Depr - Vehicles,,,,,,,,
1366,2132 Accum. Depr - LX OC,,,,,,,,
1367,2135 Accum. Depr - APC,,,,,,,,
4386,215-00-000 PTU POR PAGAR,,,,,,,,
4538,215-01-000 PTU POR PAGAR : PTU POR PAGAR 1,,,,,,,,
4539,215-01-001 PTU POR PAGAR : PTU POR PAGAR 1 : PTU POR PAGAR 2,,,,,,,,
1296,2800 AAG StartUp,,,,,,,,
1297,2810 AAG Amortized StartUp,,,,,,,,
1368,2850 Goodwill,,,,,,,,
1369,2851 Goodwill - Bedliners by LX,,,,,,,,
1370,2852 Goodwill - Southwest Urethane,,,,,,,,
1371,2853 Goodwill - LXW,,,,,,,,
1372,2854 NWU Goodwill,,,,,,,,
1373,2855 Goodwill - APC,,,,,,,,
1374,2856 Goodwill - Great Lakes,,,,,,,,
1704,2857 Goodwill - LXC,,,,,,,,
1861,2858 Accumulated Amortization - Goodwill,,,,,,,,
1375,2860 Intelectual Property,,,,,,,,
1376,2900 Trademark and Trade Name,,,,,,,,
1377,2901 APC Trademark and Trade Name,,,,,,,,
1378,2902 REACH,,,,,,,,
1710,2903 Accum Amort - Trademark and Trade Name,,,,,,,,
1956,2904 Formulations,,,,,,,,
1957,2905 Accumulated Amortization - Formulations,,,,,,,,
1958,2906 Supply Agreement,,,,,,,,
1959,2907 Accumulated Amortization - Supply Agreement,,,,,,,,
1379,2910 Patents and Development Technology,,,,,,,,
1380,2911 Accum Amort. - Patents,,,,,,,,
1381,2920 LFDC Franchise Network,,,,,,,,
1382,2921 Accum Amort. - Franchise Network,,,,,,,,
1383,2922 NWU Franchise Network,,,,,,,,
1384,2923 Accum Amort. - NWU Franchise Network,,,,,,,,
1385,2924 APC Franchise Network,,,,,,,,
1386,2925 Accum Amort. - APC Franchise Network,,,,,,,,
1387,2926 Great Lakes Franchise Network,,,,,,,,
1388,2927 Accumulated Amort Great Lakes Fran Netwo,,,,,,,,
1389,2928 LXW Franchise Network,,,,,,,,
1390,2929 Accumulated Amort LXW Fran Network,,,,,,,,
1391,2930 Master Franchise Network,,,,,,,,
1392,2931 Accum Amort. - Master Network,,,,,,,,
1393,2940 International Licensee Network,,,,,,,,
1394,2941 Accum Amort. - International Network,,,,,,,,
1395,2943 APC Merger Costs,,,,,,,,
1396,2944 NWU Non Compete,,,,,,,,
1397,2945 Accumulated Amort NWU Non Compete,,,,,,,,
1398,2946 Great Lakes Non Compete,,,,,,,,
1399,2947 Accumulated Amort Great Lakes Non-Compet,,,,,,,,
1400,2948 LXW Non Compete,,,,,,,,
1401,2949 Accumulated Amort LXW NonCompete,,,,,,,,
1402,2950 Allied Loan Fees,,,,,,,,
1705,2951 Non Compete,,,,,,,,
1706,2952 Accumulated Amort Non Compete,,,,,,,,
1858,2953 Antares Cap. Re-Finance Loan Fees,,,,,,,,
1403,2955 Amortiz - Loan Fees,,,,,,,,
1404,2958 Truckgear.com Domain Purchase,,,,,,,,
1405,2960 GFX TRUCK,,,,,,,,
1406,2965 Amortiz - Management Fees,,,,,,,,
1953,2970 Sec 754 Intangibles,,,,,,,,
1954,2971 Sec 754 Intangibles-Accum Amort,,,,,,,,
1407,2980 Deferred Tax Asset,,,,,,,,
1408,2985 Investment - LFDC,,,,,,,,
1409,2990 Investment - Line-X Distributing,,,,,,,,
1952,2991 Investment - Ameraguard,,,,,,,,
1960,2992 Investment - Ultimate Linings,,,,,,,,
1410,2995 Investment - LFDC Holdings,,,,,,,,
2779,300-00-000 CAPITAL CAPITAL CONTABLE,,,,,,,,
3240,300-00-001 CAPITAL CAPITAL CONTABLE : CAPITAL SOCIAL,,,,,,,,
3241,300-00-002 CAPITAL CAPITAL CONTABLE : APORTACIONES PARA FUT AUM,,,,,,,,
2780,300-00-010 RESULTADOS DE EJERCICIOS ANTERIORES,,,,,,,,
3242,300-00-011 RESULTADOS DE EJERCICIOS ANTERIORES : PERDIDAS DE EJERCICIOS ANTERIORES,,,,,,,,
1411,3000 Current Portion Long Term Debt,,,,,,,,
1412,3010 Revolver Borrowings PNC Bank,,,,,,,,
1702,3011 Revolver Borrowings - GE Capital,,,,,,,,
117,3020 Accounts Payable,,,,,,,,
787,3021 Chase Credit Card,,,,,,,,
670,3025 Accounts Payable Clearing,,,,,,,,
124,3030 Accrued Receipts,,,,,,,,
1413,3040 Accrued Expenses,,,,,,,,
672,3045 A/P - Other,,,,,,,,
786,3046 A/P - Other (Ad Fund),,,,,,,,
673,3050 AMEX CARD CLEARING,,,,,,,,
1890,3055 USBank MasterCard Clearing,,,,,,,,
1961,3056 UL USBank MasterCard Clearing,,,,,,,,
1273,3060 Accrued Liability Gift Certificates,,,,,,,,
1288,3070 GST/HST Liability,,,,,,,,
1289,3071 GST/HST Payable,,,,,,,,
1670,3072 PST Payable QC,,,,,,,,
138,3080 Sales Tax Payable,,,,,,,,
109,3081 Sales Tax Payable : Sales Taxes Payable AL,,,,,,,,
133,3082 Sales Tax Payable : Sales Taxes Payable CA,,,,,,,,
135,3083 Sales Tax Payable : Sales Taxes Payable MD,,,,,,,,
134,3084 Sales Tax Payable : Sales Taxes Payable ME,,,,,,,,
136,3085 Sales Tax Payable : Sales Taxes Payable MO,,,,,,,,
137,3086 Sales Tax Payable : Sales Taxes Payable WA,,,,,,,,
144,3087 Sales Tax Payable : Sales Taxes Payable OH,,,,,,,,
1624,3088 Sales Tax - Canada,,,,,,,,
1926,3089 VAT on Purchases,,,,,,,,
1925,3090 VAT on Sales,,,,,,,,
1937,3091 Sales Tax Payable : Sales Taxes Payable MI,,,,,,,,
1912,3092 VAT on Purchases MX,,,,,,,,
1911,3093 VAT on Sales MX,,,,,,,,
1942,3094 Sales Tax Payable : Sales Tax Payable US,,,,,,,,
1863,3095 Sales Tax Payable : Sales Taxes Payable TX,,,,,,,,
1414,3140 Notes Payable,,,,,,,,
1415,3160 Due to LFDC,,,,,,,,
1416,3165 Due to LD,,,,,,,,
1417,3200 Ad Fund Liability,,,,,,,,
1418,3300 Accrued Payroll,,,,,,,,
4635,3310 Accrued 401k,,,,,,,,
1419,3320 Accrued Payroll Taxes,,,,,,,,
1420,3325 Accrued Payroll - SDI,,,,,,,,
1421,3330 Payroll Garnishments,,,,,,,,
1534,3400 Accrued Bonus: Corporate,,,,,,,,
1535,3410 Accrued Vacation: Corporate,,,,,,,,
1422,3411 Accrued Vacation,,,,,,,,
1423,3450 Non-billable Shipments Suspense,,,,,,,,
1424,3500 State Income Tax,,,,,,,,
1425,3510 Federal Income Taxes,,,,,,,,
1426,3550 Workers Compensation,,,,,,,,
1427,3560 Auto Insurance,,,,,,,,
1428,3600 Accr Interest - Revolver,,,,,,,,
1713,3605 Accrued Interest,,,,,,,,
1429,3610 Accr Interest - Term,,,,,,,,
1430,3700 Accrued Expenses Other,,,,,,,,
1846,3710 Olympus Beg Bal Sheet Reserve,,,,,,,,
1431,3760 Accrued Audit Fees,,,,,,,,
1432,3770 Deferred Rent,,,,,,,,
1433,3780 Accrued General Insurance,,,,,,,,
1434,3785 Accrued Co-Op Advertising,,,,,,,,
1435,3800 Customer Prepayment,,,,,,,,
1436,3850 Deferred Revenue,,,,,,,,
1437,3900 Allied Capital L-T,,,,,,,,
1703,3901 Term Debt - GE Capital,,,,,,,,
1716,3902 Debt - Mezzanine Debt,,,,,,,,
1717,3903 Debt - Holdco PIK Notes,,,,,,,,
1889,3904 Term Debt - 400M w Jefferies Finance,,,,,,,,
1438,3970 Current Portion LT Debt (Dr),,,,,,,,
1439,3980 Note Payable - Vehicles,,,,,,,,
1440,3990 Notes Payable - LT,,,,,,,,
1441,3995 Deferred Income Taxes,,,,,,,,
53,3999 Opening Balance,,,,,,,,
52,4000 Common Stock,,,,,,,,
699,4001 Securities Repurchased,,,,,,,,
1718,4002 Olympus Equity,,,,,,,,
1714,4003 Beginning Bal Sheet Equity,,,,,,,,
1886,4004 Common Stock - Qualified Dividend,,,,,,,,
1887,4005 Common Stock - Return of Capital,,,,,,,,
1888,4006 Common Stock - Capital Gains,,,,,,,,
3243,401-00-000 INGRESOS : VENTAS,,,,,,,,
4171,401-00-001 INGRESOS : VENTAS : QUIMICOS,,,,,,,,
4172,401-00-002 INGRESOS : VENTAS : ULTRA,,,,,,,,
4173,401-00-003 INGRESOS : VENTAS : EQUIPO,,,,,,,,
4174,401-00-004 INGRESOS : VENTAS : PRIMER,,,,,,,,
4175,401-00-005 INGRESOS : VENTAS : PIGMENTO,,,,,,,,
4176,401-00-006 INGRESOS : VENTAS : TRUCK GEAR,,,,,,,,
4177,401-00-007 INGRESOS : VENTAS : TIENDA,,,,,,,,
4178,401-00-008 INGRESOS : VENTAS : PLASTICO,,,,,,,,
4179,401-00-009 INGRESOS : VENTAS : OTROS,,,,,,,,
700,4050 Preferred Stock,,,,,,,,
701,4100 Paid In Capital,,,,,,,,
702,4200 Capital Contributed,,,,,,,,
703,4201 Contributed Surplus,,,,,,,,
129,4202 Cumulative Translation Adjustment,,,,,,,,
704,4210 Distribution to Members,,,,,,,,
705,4220 AAG Equity,,,,,,,,
706,4300 Retained Earnings,,,,,,,,
788,4301 Retained Surplus,,,,,,,,
789,4302 Surplus / Deficit  Funds,,,,,,,,
707,4400 Current Earnings,,,,,,,,
1272,4600 Member Contributions,,,,,,,,
708,4999 Income Summary,,,,,,,,
3245,500-00-001 COSTO DE VENTAS : COSTO DE VENTAS,,,,,,,,
3481,500-00-002 COSTO DE VENTAS : COSTO DE VENTAS SUB,,,,,,,,
3247,500-00-003 COSTO DE VENTAS : COSTO DE VENTAS COMPLEMENTO,,,,,,,,
3248,500-00-004 COSTO DE VENTAS : FLETE,,,,,,,,
3249,500-00-005 COSTO DE VENTAS : HONORARIOS,,,,,,,,
3250,500-00-006 COSTO DE VENTAS : IGI,,,,,,,,
3251,500-00-007 COSTO DE VENTAS : MANIOBRAS,,,,,,,,
3252,500-00-008 COSTO DE VENTAS : OTROS IMPUESTOS,,,,,,,,
4180,500-00-009 COSTO DE VENTAS : COSTO QUIMICOS,,,,,,,,
4181,500-00-010 COSTO DE VENTAS : COSTO ULTRA,,,,,,,,
4182,500-00-011 COSTO DE VENTAS : COSTO EQUIPO,,,,,,,,
4183,500-00-012 COSTO DE VENTAS : COSTO PRIMER,,,,,,,,
4184,500-00-013 COSTO DE VENTAS : COSTO PIGMENTOS,,,,,,,,
4185,500-00-014 COSTO DE VENTAS : COSTO TRUCK GEAR,,,,,,,,
4186,500-00-015 COSTO DE VENTAS : COSTO TIENDA,,,,,,,,
4187,500-00-016 COSTO DE VENTAS : COSTO PLASTICO,,,,,,,,
4188,500-00-017 COSTO DE VENTAS : COSTO OTROS,,,,,,,,
986,5090 Sales : Gross Chemicals Revenue : Discounts - Chemicals,,,,,,,,
987,5091 Discounts - PSOS,,,,,,,,
1299,5092 Sales : Gross Chemicals Revenue : Rebate - Franchise Rewards,,,,,,,,
1679,5093 Sales : Gross Chemicals Revenue : Rebate - OEM,,,,,,,,
1859,5094 Sales : Gross Chemicals Revenue : Fx Surcharge,,,,,,,,
1928,5095 Sales : Gross Chemicals Revenue : Growth Rebate,,,,,,,,
1955,5096 Sales : Gross Chemicals Revenue : 3rd Party Lic & Tech Fee - Polycoat Prod,,,,,,,,
3673,5097 Sales : Equipment & Other Rev : GFX Chemical Rebate - REV,,,,,,,,
4097,5098 Sales : Equipment & Other Rev : GFX Lic & Tech Support Fee - REV,,,,,,,,
1308,5160 Sales : Equipment & Other Rev : Freight Revenue : Freight - Outbound Income,,,,,,,,
1285,5291 Sales : Equipment & Other Rev : Other Revenue : Rentals,,,,,,,,
1780,5294 Sales : Equipment & Other Rev : AAG Revenue : AAG Membership Revenue,,,,,,,,
1019,5295 Sales : Equipment & Other Rev : Company Owned Store Revenue : Applicator Income (Store),,,,,,,,
1319,5296 Sales : Equipment & Other Rev : Truck Accessories Revenue : CTP - Truck Accessory Commissions,,,,,,,,
1306,5297 Sales : Equipment & Other Rev : AAG Revenue : AAG Services,,,,,,,,
1165,5298 Sales : Equipment & Other Rev : Ad Fund Revenue : Ad Fund,,,,,,,,
1869,5299 Sales : Equipment & Other Rev : Company Owned Store Revenue : LX Retail Income,,,,,,,,
1284,5300 Sales : Franchise Fee Revenue : Fees,,,,,,,,
1286,5500 Sales : Gross Chemicals Revenue : Force Mitigation Revenue : Industrial Coatings,,,,,,,,
1742,5510 Sales : Gross Chemicals Revenue,,,,,,,,
1944,5511 Sales : Gross Chemicals Revenue : IC Sales,,,,,,,,
1743,5520 Sales : Equipment & Other Rev : Equip & Parts Revenue,,,,,,,,
1963,5521 Sales : Equipment & Other Rev : Equip & Parts Revenue : Equip & Parts Revenue - Discounts,,,,,,,,
1849,5526 Sales : KeyStone Rebates : Keystone Overall Net Purchases Rebate,,,,,,,,
1850,5527 Sales : KeyStone Rebates : Keystone LX Portal Net Purchases Rebate,,,,,,,,
1851,5528 Sales : KeyStone Rebates : KeyStone Trial Fx KOA Private Label Net Purchases Rebate,,,,,,,,
1852,5529 Sales : KeyStone Rebates : Keystone TRUCK GEAR Net Purchases Rebate,,,,,,,,
1744,5530 Sales : Equipment & Other Rev : AAG Revenue,,,,,,,,
1745,5540 Sales : Equipment & Other Rev : Duck Commander Revenue,,,,,,,,
1746,5550 Sales : Equipment & Other Rev : Truck Accessories Revenue,,,,,,,,
1884,5555 Sales : Equipment & Other Rev : Truck Gear Accessories,,,,,,,,
4616,5556 Sales : Equipment & Other Rev : Tint/PPF Revenue,,,,,,,,
1747,5560 Sales : Equipment & Other Rev : Freight Revenue,,,,,,,,
1965,5561 Sales : Equipment & Other Rev : GEO Revenue,,,,,,,,
1966,5562 Sales : Equipment & Other Rev : Quick Liner Revenue,,,,,,,,
1891,5565 Sales : Equipment & Other Rev : National Accounts Revenue,,,,,,,,
3674,5566 Sales : Equipment & Other Rev : AutoNation Bedliner Rev,,,,,,,,
1748,5570 Sales : Equipment & Other Rev : Warranty Revenue,,,,,,,,
1749,5580 Sales : Equipment & Other Rev : Promo Revenue,,,,,,,,
1750,5590 Sales : Equipment & Other Rev : XTRA Revenue,,,,,,,,
54,5599 Sales,,,,,,,,
1751,5600 Sales : Equipment & Other Rev : Pigments Revenue,,,,,,,,
1752,5610 Sales : Equipment & Other Rev : Primers Revenue,,,,,,,,
1753,5620 Sales : Equipment & Other Rev : Spot Repair Revenue,,,,,,,,
1754,5630 Sales : Equipment & Other Rev : Aspart-X Revenue,,,,,,,,
1871,5639 Sales : Gross Chemicals Revenue : Ultra Revenue,,,,,,,,
1755,5640 Sales : Gross Chemicals Revenue : Premium Revenue,,,,,,,,
1756,5650 Sales : Equipment & Other Rev : Foam Revenue,,,,,,,,
1757,5660 Sales : Equipment & Other Rev : Company Owned Store Revenue,,,,,,,,
1758,5670 Sales : Equipment & Other Rev : Other Revenue,,,,,,,,
4141,5671 Expenses : General and Administrative : Administrative : Credit Card Fees : Credit Card Surcharge,,,,,,,,
1759,5680 Sales : Equipment & Other Rev : Ad Fund Revenue,,,,,,,,
1760,5690 Sales : Franchise Fee Revenue,,,,,,,,
1946,5691 Sales : License Fees,,,,,,,,
1761,5700 Sales : Gross Chemicals Revenue : Force Mitigation Revenue,,,,,,,,
111,5998 Cost of Goods Sold,,,,,,,,
58,5999 Expenses,,,,,,,,
3253,601-00-000 EGRESOS : GASTOS GENERALES,,,,,,,,
3254,601-00-001 EGRESOS : AUTOPISTAS,,,,,,,,
3255,601-00-002 EGRESOS : CELULARES,,,,,,,,
3256,601-00-003 EGRESOS : CUOATS Y SUSCRIPCIONES,,,,,,,,
3257,601-00-004 EGRESOS : COMBUSTIBLES,,,,,,,,
3258,601-00-005 EGRESOS : ATENCION A CLIENTES,,,,,,,,
3259,601-00-006 EGRESOS : FLETE,,,,,,,,
3260,601-00-007 EGRESOS : ESTACIONAMIENTO,,,,,,,,
3261,601-00-008 EGRESOS : COMISIONES BANCARIAS,,,,,,,,
3262,601-00-009 EGRESOS : 3% NOMINAS,,,,,,,,
3263,601-00-010 EGRESOS : COMISIONES,,,,,,,,
3264,601-00-011 EGRESOS : IMSS,,,,,,,,
3265,601-00-012 EGRESOS : PUNTUALIDAD Y ASITENCIA,,,,,,,,
3266,601-00-013 EGRESOS : GASTOS DE OFICINA,,,,,,,,
3267,601-00-014 EGRESOS : SALARIOS,,,,,,,,
3268,601-00-015 EGRESOS : ART LIMPIEZA,,,,,,,,
3269,601-00-016 EGRESOS : AGUA,,,,,,,,
3270,601-00-017 EGRESOS : ELECTRICIDAD,,,,,,,,
3271,601-00-018 EGRESOS : FUMIGACION,,,,,,,,
3272,601-00-019 EGRESOS : TELEFONOS,,,,,,,,
3273,601-00-020 EGRESOS : AVION,,,,,,,,
3274,601-00-021 EGRESOS : COMIDAS,,,,,,,,
3275,601-00-022 EGRESOS : HOSPEDAJE,,,,,,,,
3276,601-00-023 EGRESOS : RENTA DE AUTO,,,,,,,,
3277,601-00-024 EGRESOS : GASTOS DE VIAJE,,,,,,,,
3278,601-00-025 EGRESOS : HONORARIOS PROFESIONALES PFISICAS,,,,,,,,
3279,601-00-026 EGRESOS : HONORARIOS PROFESIONALES PERSONAS MORALES,,,,,,,,
3280,601-00-027 EGRESOS : MTTO EQ TRANSPORTE,,,,,,,,
3281,601-00-028 EGRESOS : MENSAJERIA,,,,,,,,
3282,601-00-029 EGRESOS : NO DEDUCIBLES,,,,,,,,
3283,601-00-030 EGRESOS : VARIOS,,,,,,,,
3284,601-00-031 EGRESOS : FERRETERIA,,,,,,,,
3285,601-00-032 EGRESOS : PROPAGANDA,,,,,,,,
3286,601-00-033 EGRESOS : ARRENDAMIENTO PERSONAS FISICAS,,,,,,,,
3287,601-00-034 EGRESOS : PAPELERIA E IMPRESIÓN,,,,,,,,
3288,601-00-035 EGRESOS : MANT MAQUINARIA,,,,,,,,
3289,601-00-036 EGRESOS : MTTO LOCAL ARRENDADO,,,,,,,,
3290,601-00-037 EGRESOS : SERVICIOS ADMVOS,,,,,,,,
3291,601-00-038 EGRESOS : SEGUROS Y FIANZAS,,,,,,,,
3292,601-00-039 EGRESOS : SOPRTE TENCNICO,,,,,,,,
3293,601-00-040 EGRESOS : SUMINISTROS,,,,,,,,
3294,601-00-041 EGRESOS : AFORE,,,,,,,,
3482,601-00-042 EGRESOS : IMSS 1,,,,,,,,
3296,601-00-043 EGRESOS : INFONAVIT,,,,,,,,
3572,601-00-044 EGRESOS : REFRENDOS,,,,,,,,
4540,601-00-045 EGRESOS : GASTOS GENERALES : GRATIFICACIONES,,,,,,,,
4541,601-00-046 INDEMNIZACION,,,,,,,,
4545,601-00-052 EGRESOS : GASTOS GENERALES : PRIMA VACACIONAL,,,,,,,,
4546,601-00-053 EGRESOS : GASTOS GENERALES : INDEMNIZACION,,,,,,,,
4547,601-00-054 EGRESOS : GASTOS GENERALES : VACACIONES,,,,,,,,
4620,601-00-055 EGRESOS : GASTOS GENERALES : PERMISOS,,,,,,,,
4634,601-00-056 EGRESOS : GASTOS GENERALES : HONORARIOS A PERSONAS FISICAS,,,,,,,,
737,6030 Cost of Goods Sold : Equipment & Other COS : Purchase Price Variance,,,,,,,,
738,6035 Cost of Goods Sold : Equipment & Other COS : Inventory Adjustment,,,,,,,,
739,6040 Cost of Goods Sold : Equipment & Other COS : Inventory Obsolescence,,,,,,,,
740,6045 Cost of Goods Sold : Equipment & Other COS : Purchase Discounts,,,,,,,,
4509,607-00-000 PTU por pagar,,,,,,,,
4510,607-01-000 PTU por pagar : PTU,,,,,,,,
4511,607-01-001 PTU por pagar : PTU : PTU 1,,,,,,,,
4166,6096 Cost of Goods Sold : Gross Chemicals COGS : 3rd Party Lic & Tech Fee - (COGS Reduction) Polycoat Prod,,,,,,,,
4098,6097 Cost of Goods Sold : Equipment & Other COS : GFX Chemical Rebate - COGS,,,,,,,,
4389,611-00-000 IMPUESTO SOBRE LA RENTA,,,,,,,,
4507,611-01-000 IMPUESTO SOBRE LA RENTA : ISR,,,,,,,,
4508,611-01-001 IMPUESTO SOBRE LA RENTA : ISR : ISR 1,,,,,,,,
3297,613-00-001 DEPRECIANCION CONTABLE : MAQUINARIA Y EQUIPO,,,,,,,,
3298,613-00-002 DEPRECIANCION CONTABLE : MUEBLES Y UTILES,,,,,,,,
3299,613-00-003 DEPRECIANCION CONTABLE : OTROS ACTIVOS FIJOS,,,,,,,,
3300,613-00-004 DEPRECIANCION CONTABLE : VEHICULOS DC,,,,,,,,
3301,613-00-005 DEPRECIANCION CONTABLE : INTANGIBLES DC,,,,,,,,
4095,613-00-006 DEPRECIANCION CONTABLE : MEJORAS A LOCAL ARR,,,,,,,,
763,6295 Cost of Goods Sold : Equipment & Other COS : Company Owned Store COGS : Applicator COS,,,,,,,,
1310,6300 Cost of Goods Sold : Equipment & Other COS : Freight COGS : Freight - Vendor Inbound,,,,,,,,
1678,6305 Cost of Goods Sold : Equipment & Other COS : Freight COGS : Customs,,,,,,,,
1309,6310 Cost of Goods Sold : Equipment & Other COS : Freight COGS : Freight - Outbound Cost,,,,,,,,
769,6350 Cost of Goods Sold : Equipment & Other COS : Warranty COGS : Warranty Cost,,,,,,,,
1762,6510 Cost of Goods Sold : Gross Chemicals COGS,,,,,,,,
1763,6520 Cost of Goods Sold : Equipment & Other COS : Equip & Parts COGS,,,,,,,,
1964,6521 Cost of Goods Sold : Equipment & Other COS : Equip & Parts COGS : Equip & Parts COGS - Discounts,,,,,,,,
1764,6530 Cost of Goods Sold : Equipment & Other COS : AAG COGS,,,,,,,,
1765,6540 Cost of Goods Sold : Equipment & Other COS : Duck Commander COGS,,,,,,,,
1766,6550 Cost of Goods Sold : Equipment & Other COS : Truck Accessories COGS,,,,,,,,
1885,6555 Cost of Goods Sold : Equipment & Other COS : Truck Gear Accessories COGS,,,,,,,,
4633,6556 Cost of Goods Sold : Equipment & Other COS : Tint/PPF COGS,,,,,,,,
1767,6560 Cost of Goods Sold : Equipment & Other COS : Freight COGS,,,,,,,,
1967,6561 Cost of Goods Sold : Equipment & Other COS : GEO COGS,,,,,,,,
4631,65611 Cost of Goods Sold : Equipment & Other COS : GEO COGS : GEO Labor,,,,,,,,
1968,6562 Cost of Goods Sold : Equipment & Other COS : Quick Liner COGS,,,,,,,,
1892,6565 Cost of Goods Sold : Equipment & Other COS : National Accounts COGS,,,,,,,,
3675,6566 Cost of Goods Sold : Equipment & Other COS : AutoNation BedLiner COGS,,,,,,,,
1768,6570 Cost of Goods Sold : Equipment & Other COS : Warranty COGS,,,,,,,,
1769,6580 Cost of Goods Sold : Equipment & Other COS : Promo COGS,,,,,,,,
1770,6590 Cost of Goods Sold : Equipment & Other COS : XTRA COGS,,,,,,,,
1771,6600 Cost of Goods Sold : Equipment & Other COS : Pigments COGS,,,,,,,,
1772,6610 Cost of Goods Sold : Equipment & Other COS : Primers COGS,,,,,,,,
1773,6620 Cost of Goods Sold : Equipment & Other COS : Spot Repair COGS,,,,,,,,
1774,6630 Cost of Goods Sold : Equipment & Other COS : Aspart-X COGS,,,,,,,,
1872,6639 Cost of Goods Sold : Gross Chemicals COGS : Ultra COGS,,,,,,,,
1775,6640 Cost of Goods Sold : Gross Chemicals COGS : Premium COGS,,,,,,,,
1776,6650 Cost of Goods Sold : Equipment & Other COS : Foam COGS,,,,,,,,
1777,6660 Cost of Goods Sold : Equipment & Other COS : Company Owned Store COGS,,,,,,,,
1778,6670 Cost of Goods Sold : Equipment & Other COS : Other COGS,,,,,,,,
1779,6680 Cost of Goods Sold : Gross Chemicals COGS : Force Mitigation COGS,,,,,,,,
1028,6700 Expenses : Selling Expense : Commissions,,,,,,,,
1029,6701 Expenses : Selling Expense : Franchise Pass-Thru,,,,,,,,
1962,6703 Expenses : Selling Expense : Royalties,,,,,,,,
1030,6705 Expenses : Selling Expense : Installation,,,,,,,,
1031,6710 Expenses : Selling Expense : Training Allocation,,,,,,,,
1032,6715 Expenses : Selling Expense : Legal Allocation,,,,,,,,
1033,6720 Expenses : Selling Expense : Bad Debt Allowance,,,,,,,,
1034,6725 Expenses : Selling Expense : Credit & Collection,,,,,,,,
1035,6800 CoOp,,,,,,,,
4574,68001 Expenses : Advertising : Advertising (IXS Coatings M&I),,,,,,,,
4575,68002 Expenses : Advertising : Advertising (IXS Coatings M&I) : IXS - UL P&L (Trade Shows),,,,,,,,
4576,68003 Expenses : Advertising : Advertising (IXS Coatings M&I) : IXS - Digital/Social,,,,,,,,
4577,68004 Expenses : Advertising : Advertising (IXS Coatings M&I) : IXS - PR/Media,,,,,,,,
4578,68005 Expenses : Advertising : Advertising (IXS Coatings M&I) : IXS - Co-Branding/Sponsorships,,,,,,,,
4579,68006 Expenses : Advertising : Advertising (IXS Coatings M&I) : IXS - New Materials - video case studies,,,,,,,,
4580,68007 Expenses : Advertising : Advertising (IXS Coatings M&I) : IXS - Print Advertising,,,,,,,,
4581,68008 Expenses : Advertising : Advertising (IXS Coatings M&I) : IXS - Promo Materials,,,,,,,,
4582,68009 Expenses : Advertising : Advertising (IXS Coatings M&I) : IXS - Website,,,,,,,,
1870,6801 Expenses : Advertising : AdFund Income Offset,,,,,,,,
4583,68011 Expenses : Advertising : Advertising (IXS Coatings M&I) : IXS - Addt'l Trade Shows,,,,,,,,
4584,68012 Expenses : Advertising : Advertising (IXS Coatings M&I) : IXS - Misc. Opportunity,,,,,,,,
1853,6802 Expenses : Advertising : Ignite - Agency Mgmt,,,,,,,,
1854,6803 Expenses : Advertising : Post Boosting,,,,,,,,
1855,6804 Expenses : Advertising : Social Media Ads,,,,,,,,
4585,6805 Expenses : Advertising : Advertising (SEM),,,,,,,,
4586,6806 Expenses : Advertising : Advertising (SEM) : Digital - Ignite,,,,,,,,
4587,6807 Expenses : Advertising : Advertising (SEM) : Events,,,,,,,,
4588,6808 Expenses : Advertising : Advertising (SEM) : Auburn Sponsorship,,,,,,,,
4589,6809 Expenses : Advertising : Advertising (SEM) : US Yelp,,,,,,,,
1036,6810 Expenses : Advertising : Editorial & Product Submission,,,,,,,,
1037,6815 Expenses : Advertising : Ad Fund Expense,,,,,,,,
1038,6818 Expenses : Advertising : Internal Communications,,,,,,,,
1039,6820 Expenses : Advertising : Sponsorships,,,,,,,,
4590,6821 Expenses : Advertising : Sponsorships : Sponsorships/Builds (Jesse James),,,,,,,,
4591,6822 Expenses : Advertising : Sponsorships : Sponsorships/Builds - Gladiator + $60k customization,,,,,,,,
4592,6823 Expenses : Advertising : Sponsorships : Sponsorships/Builds (Raptor/Ram),,,,,,,,
4593,6824 Expenses : Advertising : Sponsorships : Sponsorships/Builds - NHRA,,,,,,,,
1040,6825 Expenses : Advertising : Direct Advertising,,,,,,,,
1166,6826 Expenses : Advertising : TV Advertising - WCC or Other,,,,,,,,
1300,6827 Expenses : Advertising : AutoCount,,,,,,,,
1168,6828 Expenses : Advertising : Advertising - Digital/Print,,,,,,,,
1169,6829 Expenses : Advertising : Graphic Designer,,,,,,,,
1170,6830 Expenses : Advertising : Media Events,,,,,,,,
1171,6831 Expenses : Advertising : Awareness Attitude & Usage,,,,,,,,
1172,6832 Expenses : Advertising : Video/Photography,,,,,,,,
1173,6833 Expenses : Advertising : Insider,,,,,,,,
1174,6834 Expenses : Advertising : Trade Show Storage,,,,,,,,
1175,6835 Expenses : Advertising : TV Placement/Exposure,,,,,,,,
1176,6836 Expenses : Advertising : SEMA,,,,,,,,
1177,6837 Expenses : Advertising : Sportsman's Gear,,,,,,,,
1178,6838 Expenses : Advertising : Entertainment Marketing - Craig Morgan,,,,,,,,
1179,6839 Expenses : Advertising : Super Bowl Program,,,,,,,,
1041,6840 Expenses : Advertising : Promotions,,,,,,,,
1180,6841 Expenses : Advertising : Nascar Annual,,,,,,,,
1181,6842 Expenses : Advertising : Nascar Chase for the Cup,,,,,,,,
1182,6843 Expenses : Advertising : MLB All-Star Game Program - 2013,,,,,,,,
1183,6844 Expenses : Advertising : North American Hunter Gear Guide,,,,,,,,
1042,6845 Expenses : Advertising : Magazines,,,,,,,,
1184,6846 Expenses : Advertising : Truck Trend,,,,,,,,
1185,6847 Expenses : Advertising : ReStyling & Truck Accessories,,,,,,,,
1186,6848 Expenses : Advertising : Proforma,,,,,,,,
1187,6849 Expenses : Advertising : Truckin' Magazine,,,,,,,,
1043,6850 Expenses : Advertising : Selling Franchise,,,,,,,,
1188,6851 Expenses : Advertising : Dub Magazine,,,,,,,,
1301,6852 Expenses : Advertising : Agency Fees,,,,,,,,
1190,6853 Expenses : Advertising : Miscellaneous Print Advertising,,,,,,,,
1191,6854 Expenses : Advertising : Collateral Material,,,,,,,,
1044,6855 Expenses : Advertising : Trade Shows,,,,,,,,
4598,68551 Expenses : Advertising : Trade Shows : Additional Trade Shows,,,,,,,,
1192,6856 Expenses : Advertising : Monitoring Services,,,,,,,,
1193,6857 Expenses : Advertising : PR Newswire,,,,,,,,
1194,6858 Expenses : Advertising : Ignite - Media Buy,,,,,,,,
1195,6859 Expenses : Advertising : Ongoing Strategic Planning,,,,,,,,
1196,6860 Expenses : Advertising : Reg. Entrepreneur Press Releases,,,,,,,,
1197,6861 Expenses : Advertising : Regional Media Lists,,,,,,,,
1198,6862 Expenses : Advertising : Photos Included & Distribution,,,,,,,,
1199,6863 Expenses : Advertising : National Press Releases,,,,,,,,
1200,6864 Expenses : Advertising : Lunch & Learn/Grand Openings,,,,,,,,
1201,6865 Expenses : Advertising : Special Project Support,,,,,,,,
1202,6866 Expenses : Advertising : Product Launches,,,,,,,,
1203,6867 Expenses : Advertising : SEMA planning/media,,,,,,,,
1204,6868 Expenses : Advertising : Consumer/Dealer Sweepstakes,,,,,,,,
1205,6869 Expenses : Advertising : Social Media Content Mgmt,,,,,,,,
1206,6870 Expenses : Advertising : TV Pitching,,,,,,,,
1207,6871 Expenses : Advertising : Storm Chasers Sponsorship,,,,,,,,
1208,6872 Expenses : Advertising : Storm Chasers Dominator Tour,,,,,,,,
1209,6873 Expenses : Advertising : Transport,,,,,,,,
1210,6874 Expenses : Advertising : Product Placement - WCC Diesel Brothers Gas Monkey,,,,,,,,
1211,6875 Expenses : Advertising : PR Agency Mgmt - Driven PR,,,,,,,,
1212,6876 Expenses : Advertising : Off-Road Overhaul,,,,,,,,
1302,6877 Expenses : Advertising : PR Services T&E,,,,,,,,
1214,6878 Expenses : Advertising : Out-Of-Pockets,,,,,,,,
1215,6879 Expenses : Advertising : Misc. Advertising,,,,,,,,
1216,6880 Expenses : Advertising : Duck Commander,,,,,,,,
1217,6881 Expenses : Advertising : Camaro Media Tour,,,,,,,,
1218,6882 Expenses : Advertising : Camaro Media Transport,,,,,,,,
1274,6883 Expenses : Advertising : Miscellaneous Opportunity Fund,,,,,,,,
1220,6884 Expenses : Advertising : Internet - LXC Web Hosting Server,,,,,,,,
1221,6885 Expenses : Advertising : Website Design,,,,,,,,
1275,6886 Expenses : Advertising : West Coast Customs TV Production,,,,,,,,
1303,6887 Expenses : Advertising : Consulting,,,,,,,,
1304,6888 Expenses : Advertising : Consumer Promo Advertising,,,,,,,,
1305,6889 Expenses : Advertising : Web Advertising,,,,,,,,
1312,6890 Expenses : Advertising : Brandpoint-ARA,,,,,,,,
1625,6891 Expenses : Advertising : Zero South,,,,,,,,
1681,6892 Expenses : Advertising : Detroit Auto Show,,,,,,,,
1682,6893 Expenses : Advertising : Truck Gear,,,,,,,,
1045,6895 Expenses : Advertising : Other Advertising,,,,,,,,
4594,6896 Expenses : Advertising : Advertising (College Bowl Games),,,,,,,,
4595,68961 Expenses : Advertising : Advertising (College Bowl Games) : Sponsorships - Armed Forces Bowl,,,,,,,,
4596,68962 Expenses : Advertising : Advertising (College Bowl Games) : Sponsorships - ESPN Ad Buy (LMAFB),,,,,,,,
4597,68963 Expenses : Advertising : Advertising (College Bowl Games) : Sponsorships (Birmingham Bowl),,,,,,,,
4599,6897 Expenses : Advertising : Advertising (Europe),,,,,,,,
4600,68971 Expenses : Advertising : Advertising (Europe) : UK - Trade Shows,,,,,,,,
4601,68972 Expenses : Advertising : Advertising (Europe) : UK - Digital Marketing,,,,,,,,
4602,6898 Expenses : Advertising : Advertising (Canada),,,,,,,,
4603,68981 Expenses : Advertising : Advertising (Canada) : Canada -  Yelp,,,,,,,,
4604,68982 Expenses : Advertising : Advertising (Canada) : Canada - Sweepstakes,,,,,,,,
4605,68983 Expenses : Advertising : Advertising (Canada) : Canada - Sponsorship/Partnership,,,,,,,,
4606,68984 Expenses : Advertising : Advertising (Canada) : Canada - Digital,,,,,,,,
4607,68985 Expenses : Advertising : Advertising (Canada) : Canada - Misc.,,,,,,,,
1046,6900 Depreciation & Amortization : Goodwill/Intangible Asset Impairment,,,,,,,,
3244,700-01-000 OTROS INGRESOS : VENTA EQ TRANSPORTE,,,,,,,,
4118,700-01-001 OTROS INGRESOS : VENTA EQ TRANSPORTE : VENTA EQ DE TRANSPORTE,,,,,,,,
1047,7000 Expenses : General and Administrative : Salary & Benefits : Hourly Wages,,,,,,,,
1048,7005 Expenses : General and Administrative : Salary & Benefits : Salaries,,,,,,,,
2784,701-00-000 FLUCTUACION CAMBIARIA,,,,,,,,
3302,701-00-001 FLUCTUACION CAMBIARIA : UTILIDAD CAMBIARIA,,,,,,,,
3303,701-00-002 FLUCTUACION CAMBIARIA : PERDIDA CAMBIARIA,,,,,,,,
1049,7010 Expenses : General and Administrative : Salary & Benefits : Wages: Clerical Overtime,,,,,,,,
1050,7015 Expenses : General and Administrative : Salary & Benefits : Meeting - Field Personnel,,,,,,,,
1051,7020 Expenses : General and Administrative : Salary & Benefits : Temporary Labor,,,,,,,,
1052,7025 Expenses : General and Administrative : Salary & Benefits : Vacation Wages,,,,,,,,
3304,703-00-001 OTROS GASTOS OG : PERDIDA EN VENTA EQ TRANSPORTE,,,,,,,,
1053,7030 Expenses : General and Administrative : Salary & Benefits : Holiday Pay,,,,,,,,
1054,7035 Expenses : General and Administrative : Salary & Benefits : Personal Time Off Pay,,,,,,,,
1055,7040 Expenses : General and Administrative : Salary & Benefits : Incentive Compensation,,,,,,,,
1056,7045 Expenses : General and Administrative : Salary & Benefits : Bonus: Corporate Employees,,,,,,,,
1271,7050 Expenses : General and Administrative : Salary & Benefits : Commissions,,,,,,,,
1058,7055 Expenses : General and Administrative : Salary & Benefits : Deferred Comp Match,,,,,,,,
1059,7060 Expenses : General and Administrative : Salary & Benefits : W/C - Claims,,,,,,,,
1259,7065 Expenses : General and Administrative : Salary & Benefits : Workers Compensation,,,,,,,,
1061,7070 Expenses : General and Administrative : Salary & Benefits : Payroll Taxes,,,,,,,,
1062,7075 Expenses : General and Administrative : Salary & Benefits : Group Insurance,,,,,,,,
1063,7080 Expenses : General and Administrative : Salary & Benefits : Employee Benefits,,,,,,,,
1064,7085 Expenses : General and Administrative : Salary & Benefits : Employee Life Ins,,,,,,,,
1065,7090 Expenses : General and Administrative : Salary & Benefits : Employee Educational Exp,,,,,,,,
1066,7095 Expenses : General and Administrative : Salary & Benefits : Recruiting Expense,,,,,,,,
1067,7096 Expenses : General and Administrative : Salary & Benefits : Moving Expenses,,,,,,,,
1068,7097 Expenses : General and Administrative : Salary & Benefits : Relocation Costs,,,,,,,,
1069,7100 Expenses : General and Administrative : Utilities : Electricity,,,,,,,,
1070,7105 Expenses : General and Administrative : Utilities : Natural Gas,,,,,,,,
1071,7110 Expenses : General and Administrative : Utilities : Water & Sewer,,,,,,,,
1072,7115 Expenses : General and Administrative : Utilities : Waste Disposal,,,,,,,,
1073,7120 Expenses : General and Administrative : Telephone : Telephone Expense,,,,,,,,
1074,7125 Expenses : General and Administrative : Telephone : Telephone - Car/Mobile Phones,,,,,,,,
1075,7130 Expenses : General and Administrative : Repairs & Maintenance : Repairs & Maintenance Expense,,,,,,,,
1076,7135 Expenses : General and Administrative : Repairs & Maintenance : R & M Contract Services (i.e Cleaning),,,,,,,,
1077,7140 Expenses : General and Administrative : Administrative : Express Mail,,,,,,,,
1078,7145 Expenses : General and Administrative : Administrative : Regular Mail - Postage,,,,,,,,
1079,7150 Expenses : General and Administrative : Administrative : Outside Printing Services,,,,,,,,
1080,7155 Expenses : General and Administrative : Administrative : Dues Subscriptions & Tuition,,,,,,,,
1081,7160 Expenses : General and Administrative : Administrative : Security,,,,,,,,
1082,7165 Expenses : General and Administrative : Administrative : Bank Charges,,,,,,,,
1896,7166 Expenses : General and Administrative : Administrative : Credit Card Fees,,,,,,,,
1897,7167 Expenses : General and Administrative : Administrative : Office Supplies,,,,,,,,
1898,7168 Expenses : General and Administrative : Administrative : Marketing Supplies,,,,,,,,
1899,7169 Expenses : General and Administrative : R&D Supplies & Materials : Inventory Usage,,,,,,,,
1083,7170 Expenses : General and Administrative : Administrative : Shipping Supplies,,,,,,,,
1900,7171 Expenses : General and Administrative : Administrative : Retail Store Supplies,,,,,,,,
1084,7173 Expenses : General and Administrative : Administrative : All Other Supplies,,,,,,,,
1085,7175 Expenses : General and Administrative : Administrative : Uniforms & Laundry,,,,,,,,
1086,7180 Expenses : General and Administrative : Contributions : Charitable Contributions,,,,,,,,
4572,7181 Expenses : General and Administrative : Contributions : Charitable Contributions : Charitable Cont. - St. Jude,,,,,,,,
4573,7182 Expenses : General and Administrative : Contributions : Charitable Contributions : Charitable Cont - Creative / Ad / PR,,,,,,,,
1087,7185 Expenses : General and Administrative : Contributions : Contributions-Civic,,,,,,,,
1088,7200 Expenses : General and Administrative : Travel Lodging & Entertainment : Airfare/Travel,,,,,,,,
1089,7210 Expenses : General and Administrative : Travel Lodging & Entertainment : Lodging,,,,,,,,
1090,7220 Expenses : General and Administrative : Travel Lodging & Entertainment : Auto Rental/Taxi,,,,,,,,
1091,7230 Expenses : General and Administrative : Travel Lodging & Entertainment : Meals & Entertainment,,,,,,,,
1092,7240 Expenses : General and Administrative : Contract Serv / Consulting : Contract Services,,,,,,,,
1093,7243 Expenses : General and Administrative : Contract Serv / Consulting : Consulting - Other,,,,,,,,
1094,7245 Expenses : General and Administrative : Contract Serv / Consulting : Consulting-Non Capitalized IT,,,,,,,,
1095,7246 Expenses : General and Administrative : Contract Serv / Consulting : IT Expenses,,,,,,,,
1096,7250 Expenses : General and Administrative : Contract Serv / Consulting : Consulting,,,,,,,,
1097,7253 Expenses : General and Administrative : Contract Serv / Consulting : Outside Services,,,,,,,,
1098,7254 Expenses : General and Administrative : Contract Serv / Consulting : NWU/Clovis Warehousing,,,,,,,,
1099,7255 Expenses : General and Administrative : Contract Serv / Consulting : Media Relations,,,,,,,,
1100,7260 Expenses : General and Administrative : Auto Expense : Auto & Truck Expense,,,,,,,,
1101,7265 Expenses : General and Administrative : Auto Expense : Toll/Parking,,,,,,,,
1102,7270 Expenses : General and Administrative : Auto Expense : Mileage Reimbursement,,,,,,,,
1103,7275 Expenses : General and Administrative : Auto Expense : Auto Allowances,,,,,,,,
1104,7280 Expenses : General and Administrative : Auto Expense : Auto Lease,,,,,,,,
1105,7285 Expenses : General and Administrative : Auto Expense : Oil & Gas,,,,,,,,
1106,7290 Expenses : General and Administrative : Auto Expense : R&M Vehicle,,,,,,,,
1107,7295 Expenses : General and Administrative : Auto Expense : Vehicle License Fees,,,,,,,,
1108,7296 Expenses : General and Administrative : Auto Expense : Vehicle Insurance,,,,,,,,
1109,7300 Expenses : General and Administrative : Conferences / Seminars : Mgmt Meetings/Conventions,,,,,,,,
1110,7305 Expenses : General and Administrative : Conferences / Seminars : Training,,,,,,,,
1111,7310 Expenses : General and Administrative : Conferences / Seminars : Staff Meetings,,,,,,,,
1112,7400 Expenses : General and Administrative : Rent & Equipment : Base Rent,,,,,,,,
1113,7405 Expenses : General and Administrative : Rent & Equipment : Common Area Maintenance,,,,,,,,
1114,7410 Expenses : General and Administrative : Rent & Equipment : Equipment Rental/Lease,,,,,,,,
1115,7415 Expenses : General and Administrative : Rent & Equipment : Offisite Storage,,,,,,,,
1116,7420 Expenses : General and Administrative : Administrative : Taxes Real & Pers Prop,,,,,,,,
1117,7425 Expenses : General and Administrative : Administrative : Permits & Fees,,,,,,,,
1118,7450 Expenses : General and Administrative : General Liability Insurance,,,,,,,,
1119,7500 Depreciation & Amortization : Depreciation,,,,,,,,
1120,7510 Depreciation & Amortization : Amortization,,,,,,,,
1121,7600 Expenses : General and Administrative : Professional Fees : Management Fees,,,,,,,,
1122,7605 Expenses : General and Administrative : Professional Fees : Regulatory Agency,,,,,,,,
1123,7610 Expenses : General and Administrative : Professional Fees : Audit Fees,,,,,,,,
1124,7615 Expenses : General and Administrative : Professional Fees : Answering Service,,,,,,,,
1125,7620 Expenses : General and Administrative : Professional Fees : Mystery Shop,,,,,,,,
1126,7625 Expenses : General and Administrative : Professional Fees : Professional Fee Expense,,,,,,,,
1127,7626 AddBacks : EBITDA Addbacks,,,,,,,,
1128,7627 AddBacks : Master Contract Termination Expense,,,,,,,,
1129,7630 Expenses : General and Administrative : Professional Fees : Payroll Service,,,,,,,,
1130,7700 Expenses : General and Administrative : Legal Expense : Legal: Company Support,,,,,,,,
1131,7705 Expenses : General and Administrative : Legal Expense : Legal: Company Support 2,,,,,,,,
1262,7710 Expenses : General and Administrative : Legal Expense : Legal: Franchise Support,,,,,,,,
1133,7715 AddBacks : Legal: Add Backs,,,,,,,,
1134,7720 Expenses : General and Administrative : Legal Expense : Litigation Settlement,,,,,,,,
1135,7800 Expenses : General and Administrative : Miscellaneous Exp : Miscellaneous,,,,,,,,
1136,7810 Expenses : General and Administrative : Miscellaneous Exp : Non-Capitalized Equipment,,,,,,,,
1137,7815 Expenses : General and Administrative : Miscellaneous Exp : Quality Control,,,,,,,,
1138,7820 Expenses : General and Administrative : Miscellaneous Exp : Miscellaneous Expense,,,,,,,,
1139,7825 Expenses : General and Administrative : Miscellaneous Exp : Penalties,,,,,,,,
1140,7830 Expenses : General and Administrative : Miscellaneous Exp : Tax Expense (Sales & Fees),,,,,,,,
1141,7840 Expenses : General and Administrative : R&D Supplies & Materials : Product Development R & D,,,,,,,,
1857,7841 Expenses : General and Administrative : R&D Supplies & Materials : Beta Testing,,,,,,,,
1142,7843 Expenses : General and Administrative : R&D Supplies & Materials : Chemical / Product Sample,,,,,,,,
1143,7844 Expenses : General and Administrative : R&D Supplies & Materials : Chemical Production Supplies,,,,,,,,
1144,7845 Expenses : General and Administrative : R&D Supplies & Materials : Product Testing,,,,,,,,
1145,7850 Expenses : General and Administrative : Miscellaneous Exp : Currency Exchange Gain/Loss,,,,,,,,
1146,7900 Expenses : General and Administrative : Miscellaneous Exp : Allocation - LFDC,,,,,,,,
1147,7905 Expenses : General and Administrative : Salary & Benefits : Recruiting Expenses,,,,,,,,
1148,7910 Expenses : General and Administrative : Miscellaneous Exp : Allocation - Holdings LP,,,,,,,,
1149,7915 Expenses : General and Administrative : Miscellaneous Exp : Allocation - Acquisition LLC,,,,,,,,
1150,7920 Expenses : General and Administrative : Miscellaneous Exp : Reimbursement - Ad Fund,,,,,,,,
851,7999 Interest Expense,,,,,,,,
852,8000 Interest Income,,,,,,,,
1151,8001 Interest Income : Intercompany Interest Income,,,,,,,,
1934,8002 Interest Income : Intercompany Interest Expense,,,,,,,,
1842,8005 Interest Expense : Interest Expense,,,,,,,,
1152,8010 Interest Expense : Interest Expense - Term,,,,,,,,
1153,8015 Interest Expense : Interest Expense - Revolver,,,,,,,,
1720,8017 Interest Expense : Interest Expense - 160M 5.25% Term Debt,,,,,,,,
1154,8018 Interest Expense : Interest Expense - 40M 10% Mezzanine Debt,,,,,,,,
1719,8019 Interest Expense : Interest Expense - 30M 14% Holdco PIK Notes,,,,,,,,
1155,8020 Interest Expense : Interest Expense - Fee Amortiz,,,,,,,,
853,8100 Other Income,,,,,,,,
1157,8105 Gain/(Loss) on Fixed Asset Disposal : Gain/(Loss) on Sale of Assets,,,,,,,,
1721,8106 Realized Gain/Loss,,,,,,,,
1256,8107 Rounding Gain/Loss,,,,,,,,
854,8199 Provision for Income Taxes,,,,,,,,
1159,8200 Provision for Income Taxes : Income Tax - Federal,,,,,,,,
1160,8210 Provision for Income Taxes : Income Tax - State,,,,,,,,
1161,8230 Provision for Income Taxes : Deferred Tax Benefit,,,,,,,,
1909,9000 Allocate BCBS,,,,,,,,
1683,90000 Total LBS,,,,,,,,
1901,9001 Allocate Rent,,,,,,,,
1902,9002 Allocate CAM,,,,,,,,
1903,9003 Allocate General Liability,,,,,,,,
1904,9004 Allocate Property Taxes,,,,,,,,
1905,9005 Allocate Utilities - Electricity,,,,,,,,
1910,9006 HQ Cleaning - R&M Contract Services,,,,,,,,
1908,9008 Allocate Utilities - Waste Disposal,,,,,,,,
1867,9998 Suspense - Exp,,,,,,,,
855,9999 Suspense - Rev,,,,,,,,
1258,Accumulated Depreciation,,,,,,,,
116,Advances Paid,,,,,,,,
4524,C-PULKG3607B-BL-MX INVENTARIO : INVENTARIOS : UL KG 3607 SIDE B BLACK ALIPHATIC (5 GAL PAIL),,,,,,,,
1938,CH2970 N/R E-10 Reactor Financing - Long Term portion,,,,,,,,
1263,Cumulative Translation Adjustment-Elimination,,,,,,,,
1257,Deferred Expense,,,,,,,,
122,Estimates,,,,,,,,
1292,Intercompany Clearing CAD,,,,,,,,
132,Intercompany Clearing USD,,,,,,,,
1291,PST Expenses AB,,,,,,,,
1641,PST Expenses BC,,,,,,,,
1646,PST Expenses MB,,,,,,,,
1651,PST Expenses NB,,,,,,,,
1656,PST Expenses NL,,,,,,,,
1661,PST Expenses NS,,,,,,,,
1666,PST Expenses ON,,,,,,,,
1676,PST Expenses SK,,,,,,,,
1290,PST Payable AB,,,,,,,,
1640,PST Payable BC,,,,,,,,
1645,PST Payable MB,,,,,,,,
1650,PST Payable NB,,,,,,,,
1655,PST Payable NL,,,,,,,,
1660,PST Payable NS,,,,,,,,
1665,PST Payable ON,,,,,,,,
1675,PST Payable SK,,,,,,,,
123,Purchase Orders,,,,,,,,
113,Refunds Payable,,,,,,,,
126,Return Authorizations,,,,,,,,
119,Sales Orders,,,,,,,,
1921,Sales Taxes Payable DE,,,,,,,,
1951,Sales Taxes Payable NC,,,,,,,,
1864,Sales Taxes Payable NJ,,,,,,,,
127,Transfer Orders,,,,,,,,
114,Unapproved Customer Payments,,,,,,,,
115,Unapproved Expense Reports,,,,,,,,
4638,Unrealized Gain/Loss,,,,,,,,
1677,Unrealized Matching Gain/Loss,,,,,,,,
1927,VAT Liability,,,,,,,,
1913,VAT Liability MX,,,,,,,,
120,Vendor Return Authorizations,,,,,,,,
