Z_Location__,
Alabama
Alabama : Huntsville-Corporate
Alabama : Huntsville-Corporate : Ad Fund Intercompany
Alabama : Huntsville-Corporate-New
Alabama : Huntsville-Damaged Goods
Alabama : Huntsville-Distribution
Alabama : Huntsville-Franchising
Alabama : Huntsville-International
Alabama : LINE-X of Huntsville-Store
Alabama : Mexico_TEST
Alabama : Off Site Inventory
Alabama : UL Huntsville-Distribution
Alabama : Used Equipment
Alberta
Alberta : Red Deer - Damaged Goods
Alberta : Red Deer - Distribution
Alberta : Red Deer - Off Site
Alberta : UL Off Site - Red Deer Canada
Blending
Blending : Blending - Damaged
California
California : CLOVIS - Damaged Goods
California : CLOVIS - Distribution
California : UL Clovis-Distribution
California : UL Fresno - Distribution
California : UL Santa Fe Springs-Distributio
Maine
Maine : Westbrook-Damaged Goods
Maine : Westbrook-Distribution
Mexico
Mexico : Guadalupe - Damaged Goods
Mexico : Guadalupe - Distribution
Mexico : Mexico - Corporate Store
Netherlands
Netherlands : Almer - Damaged Goods
Netherlands : Almer - Distribution
North Carolina
North Carolina : PNB Tech Team Parts
Quebec
Quebec : Eastern - Damaged Goods
Quebec : Eastern - Distribution
Retail
Retail : F4002 LINE-X of Mesquite
Retail : F4003 LINE-X of Katy
Retail : F4004 LINE-X of Dallas
Retail : F4005 LINE-X of Livonia
Retail : F4006 LINE-X of Waterford
Retail : F4007 LINE-X of TBD
Retail : F4008 LINE-X of TBD
Tech Team
Tech Team : Andy Puckett
Tech Team : Bill Ross
Tech Team : Brian Trollope
Tech Team : Chris Ewals
Tech Team : Chris Mellin
Tech Team : Cory Ellis
Tech Team : Gary Rigsby
Tech Team : Gene Minso
Tech Team : Jesse Forester
Tech Team : John Fultz
Tech Team : Phil Crichton
Tech Team : Rusty King
Tech Team : Steve Mellinger
Tempt LLC
Texas
Texas : UL Arlington - Distribution
Texas : UL Bedford - Distribution
Texas : UL Houston - Damaged Goods
Texas : UL Houston - Distribution
Texas : UL Midland - Distribution
Texas : UL OffSite Inventory
Washington
Washington : Centralia-Damaged Goods
Washington : Centralia-Offsite
Washington : Chehalis-Distribution
