Z_ItemCategory__,
Ad Fund
Ad Fund : Revenue
Additives
AutoNation Premium
AutoNation Standard
Casting
Casting : Spot Repair Kits
Chemical
Chemical : Aliphatics
Chemical : Blended
Chemical : Blended : Raw Material
Chemical : HP
Chemical : Isocyanates
Chemical : Isocyanates : Mondurcdiso
Chemical : Isocyanates : XS-470F
Chemical : LP
Chemical : Polyurea
Chemical : Polyurea : LX 3000M
Chemical : PurePoly
Chemical : PX
Chemical : Resins
Chemical : Resins : CU 455
Chemical : Resins : CU 465
Chemical : Resins : XS-470F
Chemical : Spray Coating
Chemical : Spray Coating : Blast Mitigation
Chemical : Spray Coating : Premium
Chemical : Spray Coating : SE 210
Chemical : Spray Coating : SE 500
Chemical : Spray Coating : SE 550
Chemical : Spray Coating : ULTRA
Chemical : Spray Coating : XS 100
Chemical : Spray Coating : XS 101
Chemical : Spray Coating : XS 130
Chemical : Spray Coating : XS 152
Chemical : Spray Coating : XS 252
Chemical : Spray Coating : XS 310
Chemical : Spray Coating : XS 330
Chemical : Spray Coating : XS 350
Chemical : Spray Coating : XS 360
Chemical : Spray Coating : XS 430
Chemical : Spray Coating : XS 470
Chemical : Spray Coating : XS 650
Chemical : Spray Coating : XS 670
Chemical : Spray Coating : XS 75
Chemical : Urethane
Chemical : Urethane : CS 400
Chemical : Urethane : CU 400
Chemical : Urethane : CU 450
Chemical : Urethane : CU 455
Chemical : Urethane : CU 460
Chemical : Urethane : CU Filbur
Chemical : Urethane : CU-970
Chemical : Urethane : LF 480
Chemical : Urethane : LM 420
Coatings
Coatings : Polyaspartic
Coatings : Polyaspartic : Polyaspartic
Discounts
Discounts : Chemicals
Discounts : PSOS
Discounts : Rebate - Fran. Reward Prgm
Discounts : Rebate - OEM Rebate
Equipment
Equipment : Machine Parts
Equipment : Machine Parts : E-10 Reactor
Equipment : Machine Parts : E-10 Reactor - Financed
Equipment : Machine Parts : Equipment
Equipment : Machine Parts : HFR
Equipment : Machine Parts : Misc Parts
Equipment : Machine Parts : XP1
Equipment : Machine Parts : XP2
Fees - Franchise
Fees - Franchise : Franchise Fees
Fees - Franchise : Franchise Transf  Fees
Fees - Licenses
Fees - Licenses : License Fees
Fees - Licenses : Training Fees
Film
Film : PPF
Film : TINT
Foam
Foam : Pour Foam
Foam : Spray Foam
Formulations
Freight
Freight : Direct
Freight : Handling Fees
Freight : Inbound
Freight : Master
Freight : Non-billable
Freight : Transfers
Marketing
Marketing : Advertising Materials
Marketing : Advertising Materials : Brochures - POP
Marketing : Advertising Materials : Shop - Bedtags
Marketing : Advertising Materials : Shop - Other
Marketing : Advertising Materials : Shop - Shirts & Hats
Marketing : LINE-X Advertising Materials
National Accounts
Pigments
Primers
QL
Retail
Shop
Shop : Apparel
Showroom/Retail Experience
Sprayed Fabrics
Sprayed Fabrics : GEO
Sprayed Fabrics : PAD
Supplies
Supplies : Accessories
Supplies : Accessories : Wire Trim
Supplies : Other
Supplies : Other : Other Chemicals
Supplies : Other : Other Chemicals : Other Chemicals UL
Top Coat
Top Coat : Xtra
Truck Accessories
Truck Accessories : Duck Commander Commissions
Truck Accessories : TBA - Truck Gear
Truck Accessories : Truck Bed Accessories - GFX
Truck Accessories : Truck Bed Accessories - WD
Truck Gear Accessories
Warranty
